Hlad Horni Hranice,Zizen Horni Hranice,Energie Horni Hranice,Hodnoceni,HP
80,80,50,2.0,100
80,79,50,2.0,100
80,78,50,2.0,100
80,77,50,2.0,100
80,76,50,2.0,100
80,75,50,2.0,100
80,74,50,2.0,100
80,73,50,2.0,100
80,72,50,2.0,100
80,71,50,4.0,100
80,70,50,4.0,100
80,69,50,4.0,100
80,68,50,4.0,100
80,67,50,4.0,100
80,66,50,4.0,100
80,65,50,4.0,100
80,64,50,4.0,100
80,63,50,4.0,100
80,62,50,4.0,100
80,61,50,4.0,100
80,60,50,4.0,100
80,59,50,4.0,100
80,58,50,4.0,100
80,57,50,4.0,100
80,56,50,4.0,100
80,55,50,4.0,100
80,54,50,4.0,100
80,53,50,4.0,100
80,52,50,4.0,100
80,51,50,4.0,100
80,50,50,4.0,99
80,49,50,4.0,100
80,48,50,4.0,100
80,47,50,4.0,99
80,46,50,4.0,99
80,45,50,4.0,1
80,44,50,4.0,1
80,43,50,4.0,2
80,42,50,0.0,0
80,41,50,0.0,0
80,40,50,0.0,0
80,39,50,0.0,0
80,38,50,0.0,0
80,37,50,0.0,0
80,36,50,0.0,0
80,35,50,0.0,0
80,34,50,0.0,0
80,33,50,0.0,0
80,32,50,0.0,0
80,31,50,0.0,0
80,30,50,0.0,0
80,29,50,0.0,0
80,28,50,0.0,0
80,27,50,0.0,0
80,26,50,0.0,0
80,25,50,0.0,0
80,24,50,0.0,0
80,23,50,0.0,0
80,22,50,0.0,0
80,21,50,0.0,0
80,20,50,0.0,0
79,80,50,2.0,100
79,79,50,2.0,100
79,78,50,2.0,100
79,77,50,2.0,100
79,76,50,2.0,100
79,75,50,2.0,100
79,74,50,2.0,100
79,73,50,2.0,100
79,72,50,2.0,100
79,71,50,4.0,100
79,70,50,4.0,100
79,69,50,4.0,100
79,68,50,4.0,100
79,67,50,4.0,100
79,66,50,4.0,100
79,65,50,4.0,100
79,64,50,4.0,100
79,63,50,4.0,100
79,62,50,4.0,100
79,61,50,4.0,100
79,60,50,4.0,100
79,59,50,4.0,100
79,58,50,4.0,100
79,57,50,4.0,100
79,56,50,4.0,100
79,55,50,4.0,100
79,54,50,4.0,100
79,53,50,4.0,100
79,52,50,4.0,100
79,51,50,4.0,100
79,50,50,4.0,99
79,49,50,4.0,99
79,48,50,4.0,99
79,47,50,4.0,1
79,46,50,4.0,2
79,45,50,4.0,2
79,44,50,0.0,0
79,43,50,0.0,0
79,42,50,0.0,0
79,41,50,0.0,0
79,40,50,0.0,0
79,39,50,4.0,100
79,38,50,4.0,99
79,37,50,4.0,99
79,36,50,0.0,0
79,35,50,0.0,0
79,34,50,0.0,0
79,33,50,0.0,0
79,32,50,0.0,0
79,31,50,0.0,0
79,30,50,0.0,0
79,29,50,0.0,0
79,28,50,0.0,0
79,27,50,0.0,0
79,26,50,0.0,0
79,25,50,0.0,0
79,24,50,0.0,0
79,23,50,0.0,0
79,22,50,0.0,0
79,21,50,0.0,0
79,20,50,0.0,0
78,80,50,2.0,100
78,79,50,2.0,100
78,78,50,2.0,100
78,77,50,2.0,100
78,76,50,2.0,100
78,75,50,2.0,100
78,74,50,2.0,100
78,73,50,2.0,100
78,72,50,2.0,100
78,71,50,4.0,100
78,70,50,4.0,100
78,69,50,4.0,100
78,68,50,4.0,100
78,67,50,4.0,100
78,66,50,4.0,100
78,65,50,4.0,100
78,64,50,4.0,100
78,63,50,4.0,100
78,62,50,4.0,100
78,61,50,4.0,100
78,60,50,4.0,100
78,59,50,4.0,100
78,58,50,4.0,100
78,57,50,4.0,100
78,56,50,4.0,100
78,55,50,4.0,100
78,54,50,4.0,100
78,53,50,4.0,100
78,52,50,4.0,100
78,51,50,4.0,100
78,50,50,4.0,2
78,49,50,4.0,2
78,48,50,4.0,2
78,47,50,4.0,2
78,46,50,4.0,2
78,45,50,0.0,0
78,44,50,0.0,0
78,43,50,4.0,99
78,42,50,4.0,99
78,41,50,4.0,100
78,40,50,4.0,99
78,39,50,4.0,100
78,38,50,0.0,0
78,37,50,0.0,0
78,36,50,0.0,0
78,35,50,0.0,0
78,34,50,0.0,0
78,33,50,0.0,0
78,32,50,0.0,0
78,31,50,0.0,0
78,30,50,0.0,0
78,29,50,0.0,0
78,28,50,0.0,0
78,27,50,0.0,0
78,26,50,0.0,0
78,25,50,0.0,0
78,24,50,0.0,0
78,23,50,0.0,0
78,22,50,0.0,0
78,21,50,0.0,0
78,20,50,0.0,0
77,80,50,2.0,100
77,79,50,2.0,100
77,78,50,2.0,100
77,77,50,4.0,100
77,76,50,4.0,100
77,75,50,4.0,100
77,74,50,4.0,100
77,73,50,4.0,100
77,72,50,4.0,100
77,71,50,4.0,100
77,70,50,4.0,100
77,69,50,4.0,100
77,68,50,4.0,100
77,67,50,4.0,100
77,66,50,4.0,100
77,65,50,4.0,100
77,64,50,4.0,100
77,63,50,4.0,100
77,62,50,4.0,100
77,61,50,4.0,100
77,60,50,4.0,100
77,59,50,4.0,100
77,58,50,4.0,100
77,57,50,4.0,100
77,56,50,4.0,100
77,55,50,4.0,100
77,54,50,4.0,100
77,53,50,4.0,100
77,52,50,4.0,100
77,51,50,4.0,100
77,50,50,4.0,100
77,49,50,4.0,3
77,48,50,4.0,2
77,47,50,4.0,99
77,46,50,4.0,99
77,45,50,4.0,100
77,44,50,4.0,100
77,43,50,4.0,99
77,42,50,4.0,99
77,41,50,4.0,99
77,40,50,0.0,0
77,39,50,0.0,0
77,38,50,0.0,0
77,37,50,0.0,0
77,36,50,0.0,0
77,35,50,0.0,0
77,34,50,0.0,0
77,33,50,0.0,0
77,32,50,0.0,0
77,31,50,0.0,0
77,30,50,0.0,0
77,29,50,0.0,0
77,28,50,0.0,0
77,27,50,4.0,99
77,26,50,0.0,0
77,25,50,0.0,0
77,24,50,4.0,99
77,23,50,0.0,0
77,22,50,0.0,0
77,21,50,4.0,100
77,20,50,4.0,100
76,80,50,2.0,100
76,79,50,2.0,100
76,78,50,2.0,100
76,77,50,4.0,100
76,76,50,4.0,100
76,75,50,4.0,100
76,74,50,4.0,100
76,73,50,4.0,100
76,72,50,4.0,100
76,71,50,4.0,100
76,70,50,4.0,100
76,69,50,4.0,100
76,68,50,4.0,100
76,67,50,4.0,100
76,66,50,4.0,100
76,65,50,4.0,100
76,64,50,4.0,100
76,63,50,4.0,100
76,62,50,4.0,100
76,61,50,4.0,100
76,60,50,4.0,100
76,59,50,4.0,100
76,58,50,4.0,100
76,57,50,4.0,100
76,56,50,4.0,100
76,55,50,4.0,100
76,54,50,4.0,100
76,53,50,4.0,100
76,52,50,4.0,100
76,51,50,4.0,99
76,50,50,4.0,100
76,49,50,4.0,100
76,48,50,4.0,100
76,47,50,4.0,99
76,46,50,4.0,99
76,45,50,4.0,99
76,44,50,4.0,99
76,43,50,0.0,0
76,42,50,0.0,0
76,41,50,0.0,0
76,40,50,0.0,0
76,39,50,0.0,0
76,38,50,0.0,0
76,37,50,0.0,0
76,36,50,4.0,100
76,35,50,4.0,99
76,34,50,4.0,99
76,33,50,0.0,0
76,32,50,0.0,0
76,31,50,0.0,0
76,30,50,0.0,0
76,29,50,0.0,0
76,28,50,0.0,0
76,27,50,0.0,0
76,26,50,0.0,0
76,25,50,0.0,0
76,24,50,0.0,0
76,23,50,0.0,0
76,22,50,0.0,0
76,21,50,0.0,0
76,20,50,0.0,0
75,80,50,2.0,100
75,79,50,2.0,100
75,78,50,2.0,100
75,77,50,4.0,100
75,76,50,4.0,100
75,75,50,4.0,100
75,74,50,4.0,100
75,73,50,4.0,100
75,72,50,4.0,100
75,71,50,4.0,100
75,70,50,4.0,100
75,69,50,4.0,100
75,68,50,4.0,100
75,67,50,4.0,100
75,66,50,4.0,100
75,65,50,4.0,100
75,64,50,4.0,100
75,63,50,4.0,100
75,62,50,4.0,100
75,61,50,4.0,100
75,60,50,4.0,100
75,59,50,4.0,100
75,58,50,4.0,100
75,57,50,4.0,100
75,56,50,4.0,100
75,55,50,4.0,100
75,54,50,4.0,100
75,53,50,4.0,100
75,52,50,4.0,100
75,51,50,4.0,100
75,50,50,4.0,99
75,49,50,4.0,100
75,48,50,4.0,100
75,47,50,4.0,99
75,46,50,4.0,99
75,45,50,4.0,1
75,44,50,4.0,1
75,43,50,4.0,2
75,42,50,0.0,0
75,41,50,0.0,0
75,40,50,0.0,0
75,39,50,0.0,0
75,38,50,0.0,0
75,37,50,0.0,0
75,36,50,0.0,0
75,35,50,0.0,0
75,34,50,0.0,0
75,33,50,0.0,0
75,32,50,0.0,0
75,31,50,0.0,0
75,30,50,0.0,0
75,29,50,0.0,0
75,28,50,0.0,0
75,27,50,0.0,0
75,26,50,0.0,0
75,25,50,0.0,0
75,24,50,0.0,0
75,23,50,0.0,0
75,22,50,0.0,0
75,21,50,0.0,0
75,20,50,0.0,0
74,80,50,2.0,100
74,79,50,2.0,100
74,78,50,2.0,100
74,77,50,4.0,100
74,76,50,4.0,100
74,75,50,4.0,100
74,74,50,4.0,100
74,73,50,4.0,100
74,72,50,4.0,100
74,71,50,4.0,100
74,70,50,4.0,100
74,69,50,4.0,100
74,68,50,4.0,100
74,67,50,4.0,100
74,66,50,4.0,100
74,65,50,4.0,100
74,64,50,4.0,100
74,63,50,4.0,100
74,62,50,4.0,100
74,61,50,4.0,100
74,60,50,4.0,100
74,59,50,4.0,100
74,58,50,4.0,100
74,57,50,4.0,100
74,56,50,4.0,100
74,55,50,4.0,100
74,54,50,4.0,100
74,53,50,4.0,100
74,52,50,4.0,100
74,51,50,4.0,100
74,50,50,4.0,100
74,49,50,4.0,99
74,48,50,4.0,100
74,47,50,4.0,99
74,46,50,4.0,99
74,45,50,4.0,99
74,44,50,4.0,4
74,43,50,4.0,4
74,42,50,4.0,1
74,41,50,4.0,2
74,40,50,4.0,2
74,39,50,0.0,0
74,38,50,0.0,0
74,37,50,0.0,0
74,36,50,0.0,0
74,35,50,0.0,0
74,34,50,0.0,0
74,33,50,0.0,0
74,32,50,0.0,0
74,31,50,0.0,0
74,30,50,0.0,0
74,29,50,0.0,0
74,28,50,0.0,0
74,27,50,0.0,0
74,26,50,0.0,0
74,25,50,0.0,0
74,24,50,0.0,0
74,23,50,0.0,0
74,22,50,0.0,0
74,21,50,0.0,0
74,20,50,0.0,0
73,80,50,2.0,100
73,79,50,2.0,100
73,78,50,2.0,100
73,77,50,4.0,100
73,76,50,4.0,100
73,75,50,4.0,100
73,74,50,4.0,100
73,73,50,4.0,100
73,72,50,4.0,100
73,71,50,4.0,100
73,70,50,4.0,100
73,69,50,4.0,100
73,68,50,4.0,100
73,67,50,4.0,100
73,66,50,4.0,100
73,65,50,4.0,100
73,64,50,4.0,100
73,63,50,4.0,100
73,62,50,4.0,100
73,61,50,4.0,100
73,60,50,4.0,100
73,59,50,4.0,100
73,58,50,4.0,100
73,57,50,4.0,100
73,56,50,4.0,100
73,55,50,4.0,100
73,54,50,4.0,100
73,53,50,4.0,100
73,52,50,4.0,100
73,51,50,4.0,100
73,50,50,4.0,99
73,49,50,4.0,99
73,48,50,4.0,3
73,47,50,4.0,3
73,46,50,4.0,4
73,45,50,4.0,2
73,44,50,4.0,2
73,43,50,4.0,2
73,42,50,4.0,2
73,41,50,4.0,2
73,40,50,0.0,0
73,39,50,0.0,0
73,38,50,4.0,99
73,37,50,4.0,99
73,36,50,4.0,99
73,35,50,0.0,0
73,34,50,0.0,0
73,33,50,0.0,0
73,32,50,0.0,0
73,31,50,0.0,0
73,30,50,0.0,0
73,29,50,0.0,0
73,28,50,0.0,0
73,27,50,0.0,0
73,26,50,0.0,0
73,25,50,0.0,0
73,24,50,0.0,0
73,23,50,0.0,0
73,22,50,0.0,0
73,21,50,0.0,0
73,20,50,0.0,0
72,80,50,2.0,100
72,79,50,2.0,100
72,78,50,2.0,100
72,77,50,4.0,100
72,76,50,4.0,100
72,75,50,4.0,100
72,74,50,4.0,100
72,73,50,4.0,100
72,72,50,6.0,100
72,71,50,6.0,100
72,70,50,6.0,100
72,69,50,6.0,100
72,68,50,6.0,100
72,67,50,6.0,100
72,66,50,6.0,100
72,65,50,6.0,100
72,64,50,6.0,100
72,63,50,6.0,100
72,62,50,6.0,100
72,61,50,6.0,100
72,60,50,6.0,100
72,59,50,6.0,100
72,58,50,6.0,100
72,57,50,6.0,100
72,56,50,6.0,100
72,55,50,6.0,100
72,54,50,6.0,100
72,53,50,6.0,100
72,52,50,6.0,100
72,51,50,6.0,100
72,50,50,6.0,99
72,49,50,6.0,100
72,48,50,6.0,100
72,47,50,6.0,4
72,46,50,6.0,4
72,45,50,6.0,4
72,44,50,6.0,5
72,43,50,6.0,5
72,42,50,6.0,2
72,41,50,6.0,2
72,40,50,6.0,2
72,39,50,6.0,3
72,38,50,6.0,2
72,37,50,6.0,99
72,36,50,6.0,99
72,35,50,6.0,99
72,34,50,6.0,99
72,33,50,6.0,99
72,32,50,0.0,0
72,31,50,0.0,0
72,30,50,0.0,0
72,29,50,0.0,0
72,28,50,0.0,0
72,27,50,0.0,0
72,26,50,0.0,0
72,25,50,0.0,0
72,24,50,0.0,0
72,23,50,0.0,0
72,22,50,0.0,0
72,21,50,6.0,100
72,20,50,6.0,100
71,80,50,4.0,100
71,79,50,4.0,100
71,78,50,4.0,100
71,77,50,4.0,100
71,76,50,4.0,100
71,75,50,4.0,100
71,74,50,4.0,100
71,73,50,4.0,100
71,72,50,6.0,100
71,71,50,6.0,100
71,70,50,6.0,100
71,69,50,6.0,100
71,68,50,6.0,100
71,67,50,6.0,100
71,66,50,6.0,100
71,65,50,6.0,100
71,64,50,6.0,100
71,63,50,6.0,100
71,62,50,6.0,100
71,61,50,6.0,100
71,60,50,6.0,100
71,59,50,6.0,100
71,58,50,6.0,100
71,57,50,6.0,100
71,56,50,6.0,100
71,55,50,6.0,100
71,54,50,6.0,100
71,53,50,6.0,100
71,52,50,6.0,100
71,51,50,6.0,100
71,50,50,6.0,99
71,49,50,6.0,99
71,48,50,6.0,99
71,47,50,6.0,99
71,46,50,6.0,3
71,45,50,6.0,3
71,44,50,6.0,3
71,43,50,6.0,4
71,42,50,6.0,3
71,41,50,6.0,4
71,40,50,6.0,4
71,39,50,6.0,4
71,38,50,6.0,2
71,37,50,6.0,1
71,36,50,0.0,0
71,35,50,0.0,0
71,34,50,0.0,0
71,33,50,6.0,2
71,32,50,6.0,1
71,31,50,0.0,0
71,30,50,0.0,0
71,29,50,0.0,0
71,28,50,0.0,0
71,27,50,0.0,0
71,26,50,0.0,0
71,25,50,0.0,0
71,24,50,0.0,0
71,23,50,0.0,0
71,22,50,0.0,0
71,21,50,0.0,0
71,20,50,6.0,100
70,80,50,4.0,100
70,79,50,4.0,100
70,78,50,4.0,100
70,77,50,4.0,100
70,76,50,4.0,100
70,75,50,4.0,100
70,74,50,4.0,100
70,73,50,4.0,100
70,72,50,6.0,100
70,71,50,6.0,100
70,70,50,6.0,100
70,69,50,6.0,100
70,68,50,6.0,100
70,67,50,6.0,100
70,66,50,6.0,100
70,65,50,6.0,100
70,64,50,6.0,100
70,63,50,6.0,100
70,62,50,6.0,100
70,61,50,6.0,100
70,60,50,6.0,100
70,59,50,6.0,100
70,58,50,6.0,100
70,57,50,6.0,100
70,56,50,6.0,100
70,55,50,6.0,100
70,54,50,6.0,100
70,53,50,6.0,100
70,52,50,6.0,100
70,51,50,6.0,100
70,50,50,6.0,6
70,49,50,6.0,6
70,48,50,6.0,6
70,47,50,6.0,99
70,46,50,6.0,99
70,45,50,6.0,4
70,44,50,6.0,4
70,43,50,6.0,4
70,42,50,6.0,5
70,41,50,6.0,4
70,40,50,6.0,98
70,39,50,6.0,98
70,38,50,6.0,98
70,37,50,0.0,0
70,36,50,0.0,0
70,35,50,0.0,0
70,34,50,0.0,0
70,33,50,6.0,1
70,32,50,0.0,0
70,31,50,0.0,0
70,30,50,0.0,0
70,29,50,0.0,0
70,28,50,0.0,0
70,27,50,0.0,0
70,26,50,0.0,0
70,25,50,0.0,0
70,24,50,0.0,0
70,23,50,0.0,0
70,22,50,0.0,0
70,21,50,6.0,100
70,20,50,6.0,100
69,80,50,4.0,100
69,79,50,4.0,100
69,78,50,4.0,100
69,77,50,4.0,100
69,76,50,4.0,100
69,75,50,4.0,100
69,74,50,4.0,100
69,73,50,4.0,100
69,72,50,6.0,100
69,71,50,6.0,100
69,70,50,6.0,100
69,69,50,6.0,100
69,68,50,6.0,100
69,67,50,6.0,100
69,66,50,6.0,100
69,65,50,6.0,100
69,64,50,6.0,100
69,63,50,6.0,100
69,62,50,6.0,100
69,61,50,6.0,100
69,60,50,6.0,100
69,59,50,6.0,100
69,58,50,6.0,100
69,57,50,6.0,100
69,56,50,6.0,100
69,55,50,6.0,100
69,54,50,6.0,100
69,53,50,6.0,100
69,52,50,6.0,100
69,51,50,6.0,100
69,50,50,6.0,99
69,49,50,6.0,100
69,48,50,6.0,100
69,47,50,6.0,99
69,46,50,6.0,4
69,45,50,6.0,4
69,44,50,6.0,98
69,43,50,6.0,98
69,42,50,6.0,98
69,41,50,6.0,98
69,40,50,6.0,98
69,39,50,6.0,3
69,38,50,6.0,3
69,37,50,0.0,0
69,36,50,6.0,1
69,35,50,6.0,1
69,34,50,0.0,0
69,33,50,0.0,0
69,32,50,0.0,0
69,31,50,0.0,0
69,30,50,0.0,0
69,29,50,0.0,0
69,28,50,0.0,0
69,27,50,0.0,0
69,26,50,0.0,0
69,25,50,0.0,0
69,24,50,0.0,0
69,23,50,0.0,0
69,22,50,0.0,0
69,21,50,6.0,100
69,20,50,6.0,100
68,80,50,4.0,100
68,79,50,4.0,100
68,78,50,4.0,100
68,77,50,4.0,100
68,76,50,4.0,100
68,75,50,4.0,100
68,74,50,4.0,100
68,73,50,4.0,100
68,72,50,6.0,100
68,71,50,6.0,100
68,70,50,6.0,100
68,69,50,6.0,100
68,68,50,6.0,100
68,67,50,6.0,100
68,66,50,6.0,100
68,65,50,6.0,100
68,64,50,6.0,100
68,63,50,6.0,100
68,62,50,6.0,100
68,61,50,6.0,100
68,60,50,6.0,100
68,59,50,6.0,100
68,58,50,6.0,100
68,57,50,6.0,100
68,56,50,6.0,100
68,55,50,6.0,100
68,54,50,6.0,100
68,53,50,6.0,100
68,52,50,6.0,100
68,51,50,6.0,100
68,50,50,6.0,100
68,49,50,6.0,100
68,48,50,6.0,100
68,47,50,6.0,99
68,46,50,6.0,99
68,45,50,6.0,98
68,44,50,6.0,98
68,43,50,6.0,2
68,42,50,6.0,2
68,41,50,6.0,3
68,40,50,6.0,1
68,39,50,6.0,1
68,38,50,6.0,1
68,37,50,6.0,1
68,36,50,6.0,1
68,35,50,0.0,0
68,34,50,0.0,0
68,33,50,6.0,99
68,32,50,6.0,99
68,31,50,6.0,99
68,30,50,0.0,0
68,29,50,0.0,0
68,28,50,0.0,0
68,27,50,0.0,0
68,26,50,0.0,0
68,25,50,0.0,0
68,24,50,0.0,0
68,23,50,0.0,0
68,22,50,0.0,0
68,21,50,0.0,0
68,20,50,6.0,100
67,80,50,4.0,100
67,79,50,4.0,100
67,78,50,4.0,100
67,77,50,4.0,100
67,76,50,4.0,100
67,75,50,4.0,100
67,74,50,4.0,100
67,73,50,4.0,100
67,72,50,6.0,100
67,71,50,6.0,100
67,70,50,6.0,100
67,69,50,6.0,100
67,68,50,6.0,100
67,67,50,6.0,100
67,66,50,6.0,100
67,65,50,6.0,100
67,64,50,6.0,100
67,63,50,6.0,100
67,62,50,6.0,100
67,61,50,6.0,100
67,60,50,6.0,100
67,59,50,6.0,100
67,58,50,6.0,100
67,57,50,6.0,100
67,56,50,6.0,100
67,55,50,6.0,100
67,54,50,6.0,100
67,53,50,6.0,100
67,52,50,6.0,100
67,51,50,6.0,100
67,50,50,6.0,98
67,49,50,6.0,100
67,48,50,6.0,100
67,47,50,6.0,3
67,46,50,6.0,3
67,45,50,6.0,3
67,44,50,6.0,4
67,43,50,6.0,4
67,42,50,6.0,1
67,41,50,6.0,1
67,40,50,6.0,1
67,39,50,6.0,2
67,38,50,6.0,1
67,37,50,6.0,99
67,36,50,6.0,99
67,35,50,6.0,99
67,34,50,6.0,99
67,33,50,6.0,99
67,32,50,0.0,0
67,31,50,0.0,0
67,30,50,0.0,0
67,29,50,0.0,0
67,28,50,0.0,0
67,27,50,0.0,0
67,26,50,0.0,0
67,25,50,0.0,0
67,24,50,0.0,0
67,23,50,0.0,0
67,22,50,0.0,0
67,21,50,6.0,100
67,20,50,6.0,100
66,80,50,4.0,100
66,79,50,4.0,100
66,78,50,4.0,100
66,77,50,4.0,100
66,76,50,4.0,100
66,75,50,4.0,100
66,74,50,4.0,100
66,73,50,4.0,100
66,72,50,6.0,100
66,71,50,6.0,100
66,70,50,6.0,100
66,69,50,6.0,100
66,68,50,6.0,100
66,67,50,6.0,100
66,66,50,6.0,100
66,65,50,6.0,100
66,64,50,6.0,100
66,63,50,6.0,100
66,62,50,6.0,100
66,61,50,6.0,100
66,60,50,6.0,100
66,59,50,6.0,100
66,58,50,6.0,100
66,57,50,6.0,100
66,56,50,6.0,100
66,55,50,6.0,100
66,54,50,6.0,100
66,53,50,6.0,100
66,52,50,6.0,100
66,51,50,6.0,100
66,50,50,6.0,100
66,49,50,6.0,100
66,48,50,6.0,4
66,47,50,6.0,3
66,46,50,6.0,4
66,45,50,6.0,4
66,44,50,6.0,4
66,43,50,6.0,2
66,42,50,6.0,1
66,41,50,6.0,98
66,40,50,6.0,98
66,39,50,6.0,98
66,38,50,6.0,99
66,37,50,6.0,99
66,36,50,0.0,0
66,35,50,0.0,0
66,34,50,0.0,0
66,33,50,0.0,0
66,32,50,0.0,0
66,31,50,0.0,0
66,30,50,0.0,0
66,29,50,0.0,0
66,28,50,0.0,0
66,27,50,0.0,0
66,26,50,0.0,0
66,25,50,0.0,0
66,24,50,0.0,0
66,23,50,0.0,0
66,22,50,0.0,0
66,21,50,0.0,0
66,20,50,6.0,100
65,80,50,4.0,100
65,79,50,4.0,100
65,78,50,4.0,100
65,77,50,4.0,100
65,76,50,4.0,100
65,75,50,4.0,100
65,74,50,4.0,100
65,73,50,4.0,100
65,72,50,6.0,100
65,71,50,6.0,100
65,70,50,6.0,100
65,69,50,6.0,100
65,68,50,6.0,100
65,67,50,6.0,100
65,66,50,6.0,100
65,65,50,6.0,100
65,64,50,6.0,100
65,63,50,6.0,100
65,62,50,6.0,100
65,61,50,6.0,100
65,60,50,6.0,100
65,59,50,6.0,100
65,58,50,6.0,100
65,57,50,6.0,100
65,56,50,6.0,100
65,55,50,6.0,100
65,54,50,6.0,100
65,53,50,6.0,100
65,52,50,6.0,100
65,51,50,6.0,100
65,50,50,6.0,100
65,49,50,6.0,100
65,48,50,6.0,100
65,47,50,6.0,5
65,46,50,6.0,4
65,45,50,6.0,98
65,44,50,6.0,98
65,43,50,6.0,100
65,42,50,6.0,98
65,41,50,6.0,98
65,40,50,0.0,0
65,39,50,0.0,0
65,38,50,6.0,1
65,37,50,0.0,0
65,36,50,0.0,0
65,35,50,0.0,0
65,34,50,0.0,0
65,33,50,0.0,0
65,32,50,0.0,0
65,31,50,0.0,0
65,30,50,0.0,0
65,29,50,0.0,0
65,28,50,0.0,0
65,27,50,0.0,0
65,26,50,0.0,0
65,25,50,0.0,0
65,24,50,0.0,0
65,23,50,0.0,0
65,22,50,0.0,0
65,21,50,0.0,0
65,20,50,6.0,100
64,80,50,4.0,100
64,79,50,4.0,100
64,78,50,4.0,100
64,77,50,4.0,100
64,76,50,4.0,100
64,75,50,4.0,100
64,74,50,4.0,100
64,73,50,4.0,100
64,72,50,6.0,100
64,71,50,6.0,100
64,70,50,6.0,100
64,69,50,6.0,100
64,68,50,6.0,100
64,67,50,6.0,100
64,66,50,6.0,100
64,65,50,6.0,100
64,64,50,6.0,100
64,63,50,6.0,100
64,62,50,6.0,100
64,61,50,6.0,100
64,60,50,6.0,100
64,59,50,6.0,100
64,58,50,6.0,100
64,57,50,6.0,100
64,56,50,6.0,100
64,55,50,6.0,100
64,54,50,6.0,100
64,53,50,6.0,100
64,52,50,6.0,100
64,51,50,6.0,100
64,50,50,6.0,100
64,49,50,6.0,98
64,48,50,6.0,100
64,47,50,6.0,98
64,46,50,6.0,98
64,45,50,6.0,98
64,44,50,6.0,3
64,43,50,6.0,3
64,42,50,0.0,0
64,41,50,6.0,1
64,40,50,6.0,1
64,39,50,0.0,0
64,38,50,0.0,0
64,37,50,0.0,0
64,36,50,0.0,0
64,35,50,0.0,0
64,34,50,0.0,0
64,33,50,0.0,0
64,32,50,0.0,0
64,31,50,0.0,0
64,30,50,0.0,0
64,29,50,0.0,0
64,28,50,0.0,0
64,27,50,0.0,0
64,26,50,0.0,0
64,25,50,0.0,0
64,24,50,0.0,0
64,23,50,0.0,0
64,22,50,0.0,0
64,21,50,0.0,0
64,20,50,0.0,0
63,80,50,4.0,100
63,79,50,4.0,100
63,78,50,4.0,100
63,77,50,4.0,100
63,76,50,4.0,100
63,75,50,4.0,100
63,74,50,4.0,100
63,73,50,4.0,100
63,72,50,6.0,100
63,71,50,6.0,100
63,70,50,6.0,100
63,69,50,6.0,100
63,68,50,6.0,100
63,67,50,6.0,100
63,66,50,6.0,100
63,65,50,6.0,100
63,64,50,6.0,100
63,63,50,6.0,100
63,62,50,6.0,100
63,61,50,6.0,100
63,60,50,6.0,100
63,59,50,6.0,100
63,58,50,6.0,100
63,57,50,6.0,100
63,56,50,6.0,100
63,55,50,6.0,100
63,54,50,6.0,100
63,53,50,6.0,100
63,52,50,6.0,100
63,51,50,6.0,100
63,50,50,6.0,98
63,49,50,6.0,98
63,48,50,6.0,2
63,47,50,6.0,2
63,46,50,6.0,3
63,45,50,6.0,1
63,44,50,6.0,1
63,43,50,6.0,1
63,42,50,6.0,1
63,41,50,6.0,1
63,40,50,0.0,0
63,39,50,0.0,0
63,38,50,6.0,99
63,37,50,6.0,99
63,36,50,6.0,99
63,35,50,0.0,0
63,34,50,0.0,0
63,33,50,0.0,0
63,32,50,0.0,0
63,31,50,0.0,0
63,30,50,0.0,0
63,29,50,0.0,0
63,28,50,0.0,0
63,27,50,0.0,0
63,26,50,0.0,0
63,25,50,0.0,0
63,24,50,0.0,0
63,23,50,0.0,0
63,22,50,0.0,0
63,21,50,0.0,0
63,20,50,0.0,0
62,80,50,4.0,100
62,79,50,4.0,100
62,78,50,4.0,100
62,77,50,4.0,100
62,76,50,4.0,100
62,75,50,4.0,100
62,74,50,4.0,100
62,73,50,4.0,100
62,72,50,6.0,100
62,71,50,6.0,100
62,70,50,6.0,100
62,69,50,6.0,100
62,68,50,6.0,100
62,67,50,6.0,100
62,66,50,6.0,100
62,65,50,6.0,100
62,64,50,6.0,100
62,63,50,6.0,100
62,62,50,6.0,100
62,61,50,6.0,100
62,60,50,6.0,100
62,59,50,6.0,100
62,58,50,6.0,100
62,57,50,6.0,100
62,56,50,6.0,100
62,55,50,6.0,100
62,54,50,6.0,100
62,53,50,6.0,100
62,52,50,6.0,100
62,51,50,6.0,100
62,50,50,6.0,3
62,49,50,6.0,4
62,48,50,6.0,4
62,47,50,6.0,1
62,46,50,6.0,1
62,45,50,6.0,1
62,44,50,6.0,2
62,43,50,6.0,1
62,42,50,6.0,99
62,41,50,6.0,99
62,40,50,6.0,99
62,39,50,6.0,100
62,38,50,6.0,99
62,37,50,0.0,0
62,36,50,0.0,0
62,35,50,0.0,0
62,34,50,0.0,0
62,33,50,0.0,0
62,32,50,0.0,0
62,31,50,0.0,0
62,30,50,0.0,0
62,29,50,0.0,0
62,28,50,0.0,0
62,27,50,0.0,0
62,26,50,0.0,0
62,25,50,0.0,0
62,24,50,0.0,0
62,23,50,0.0,0
62,22,50,0.0,0
62,21,50,0.0,0
62,20,50,6.0,100
61,80,50,4.0,100
61,79,50,4.0,100
61,78,50,4.0,100
61,77,50,4.0,100
61,76,50,4.0,100
61,75,50,4.0,100
61,74,50,4.0,100
61,73,50,4.0,100
61,72,50,6.0,100
61,71,50,6.0,100
61,70,50,6.0,100
61,69,50,6.0,100
61,68,50,6.0,100
61,67,50,6.0,100
61,66,50,6.0,100
61,65,50,6.0,100
61,64,50,6.0,100
61,63,50,6.0,100
61,62,50,6.0,100
61,61,50,6.0,100
61,60,50,6.0,100
61,59,50,6.0,100
61,58,50,6.0,100
61,57,50,6.0,100
61,56,50,6.0,100
61,55,50,6.0,100
61,54,50,6.0,100
61,53,50,6.0,100
61,52,50,6.0,100
61,51,50,6.0,100
61,50,50,6.0,100
61,49,50,6.0,100
61,48,50,6.0,2
61,47,50,6.0,1
61,46,50,6.0,98
61,45,50,6.0,98
61,44,50,6.0,100
61,43,50,6.0,100
61,42,50,6.0,99
61,41,50,0.0,0
61,40,50,0.0,0
61,39,50,0.0,0
61,38,50,0.0,0
61,37,50,0.0,0
61,36,50,0.0,0
61,35,50,0.0,0
61,34,50,0.0,0
61,33,50,0.0,0
61,32,50,0.0,0
61,31,50,0.0,0
61,30,50,0.0,0
61,29,50,0.0,0
61,28,50,0.0,0
61,27,50,0.0,0
61,26,50,0.0,0
61,25,50,0.0,0
61,24,50,0.0,0
61,23,50,0.0,0
61,22,50,0.0,0
61,21,50,0.0,0
61,20,50,6.0,100
60,80,50,4.0,100
60,79,50,4.0,100
60,78,50,4.0,100
60,77,50,4.0,100
60,76,50,4.0,100
60,75,50,4.0,100
60,74,50,4.0,100
60,73,50,4.0,100
60,72,50,6.0,100
60,71,50,6.0,100
60,70,50,6.0,100
60,69,50,6.0,100
60,68,50,6.0,100
60,67,50,6.0,100
60,66,50,6.0,100
60,65,50,6.0,100
60,64,50,6.0,100
60,63,50,6.0,100
60,62,50,6.0,100
60,61,50,6.0,100
60,60,50,6.0,100
60,59,50,6.0,100
60,58,50,6.0,100
60,57,50,6.0,100
60,56,50,6.0,100
60,55,50,6.0,100
60,54,50,6.0,100
60,53,50,6.0,100
60,52,50,6.0,100
60,51,50,6.0,100
60,50,50,6.0,98
60,49,50,6.0,100
60,48,50,6.0,100
60,47,50,6.0,98
60,46,50,6.0,98
60,45,50,0.0,0
60,44,50,0.0,0
60,43,50,6.0,1
60,42,50,0.0,0
60,41,50,0.0,0
60,40,50,0.0,0
60,39,50,0.0,0
60,38,50,0.0,0
60,37,50,0.0,0
60,36,50,0.0,0
60,35,50,0.0,0
60,34,50,0.0,0
60,33,50,0.0,0
60,32,50,0.0,0
60,31,50,0.0,0
60,30,50,0.0,0
60,29,50,0.0,0
60,28,50,0.0,0
60,27,50,0.0,0
60,26,50,0.0,0
60,25,50,0.0,0
60,24,50,0.0,0
60,23,50,0.0,0
60,22,50,0.0,0
60,21,50,0.0,0
60,20,50,0.0,0
59,80,50,4.0,100
59,79,50,4.0,100
59,78,50,4.0,100
59,77,50,4.0,100
59,76,50,4.0,100
59,75,50,4.0,100
59,74,50,4.0,100
59,73,50,4.0,100
59,72,50,6.0,100
59,71,50,6.0,100
59,70,50,6.0,100
59,69,50,6.0,100
59,68,50,6.0,100
59,67,50,6.0,100
59,66,50,6.0,100
59,65,50,6.0,100
59,64,50,6.0,100
59,63,50,6.0,100
59,62,50,6.0,100
59,61,50,6.0,100
59,60,50,6.0,100
59,59,50,6.0,100
59,58,50,6.0,100
59,57,50,6.0,100
59,56,50,6.0,100
59,55,50,6.0,100
59,54,50,6.0,100
59,53,50,6.0,100
59,52,50,6.0,100
59,51,50,6.0,100
59,50,50,6.0,98
59,49,50,6.0,98
59,48,50,6.0,98
59,47,50,0.0,0
59,46,50,6.0,1
59,45,50,6.0,1
59,44,50,0.0,0
59,43,50,0.0,0
59,42,50,0.0,0
59,41,50,0.0,0
59,40,50,0.0,0
59,39,50,6.0,100
59,38,50,6.0,99
59,37,50,6.0,99
59,36,50,0.0,0
59,35,50,0.0,0
59,34,50,0.0,0
59,33,50,0.0,0
59,32,50,0.0,0
59,31,50,0.0,0
59,30,50,0.0,0
59,29,50,0.0,0
59,28,50,0.0,0
59,27,50,0.0,0
59,26,50,0.0,0
59,25,50,0.0,0
59,24,50,0.0,0
59,23,50,0.0,0
59,22,50,0.0,0
59,21,50,0.0,0
59,20,50,0.0,0
58,80,50,4.0,100
58,79,50,4.0,100
58,78,50,4.0,100
58,77,50,4.0,100
58,76,50,4.0,100
58,75,50,4.0,100
58,74,50,4.0,100
58,73,50,4.0,100
58,72,50,6.0,100
58,71,50,6.0,100
58,70,50,6.0,100
58,69,50,6.0,100
58,68,50,6.0,100
58,67,50,6.0,100
58,66,50,6.0,100
58,65,50,6.0,100
58,64,50,6.0,100
58,63,50,6.0,100
58,62,50,6.0,100
58,61,50,6.0,100
58,60,50,6.0,100
58,59,50,6.0,100
58,58,50,6.0,100
58,57,50,6.0,100
58,56,50,6.0,100
58,55,50,6.0,100
58,54,50,6.0,100
58,53,50,6.0,100
58,52,50,6.0,100
58,51,50,6.0,100
58,50,50,6.0,1
58,49,50,6.0,1
58,48,50,6.0,1
58,47,50,6.0,1
58,46,50,6.0,1
58,45,50,0.0,0
58,44,50,0.0,0
58,43,50,6.0,99
58,42,50,6.0,99
58,41,50,6.0,100
58,40,50,6.0,99
58,39,50,6.0,100
58,38,50,0.0,0
58,37,50,0.0,0
58,36,50,0.0,0
58,35,50,0.0,0
58,34,50,0.0,0
58,33,50,0.0,0
58,32,50,0.0,0
58,31,50,0.0,0
58,30,50,0.0,0
58,29,50,0.0,0
58,28,50,0.0,0
58,27,50,0.0,0
58,26,50,0.0,0
58,25,50,0.0,0
58,24,50,0.0,0
58,23,50,0.0,0
58,22,50,0.0,0
58,21,50,0.0,0
58,20,50,0.0,0
57,80,50,4.0,100
57,79,50,4.0,100
57,78,50,4.0,100
57,77,50,4.0,100
57,76,50,4.0,100
57,75,50,4.0,100
57,74,50,4.0,100
57,73,50,4.0,100
57,72,50,6.0,100
57,71,50,6.0,100
57,70,50,6.0,100
57,69,50,6.0,100
57,68,50,6.0,100
57,67,50,6.0,100
57,66,50,6.0,100
57,65,50,6.0,100
57,64,50,6.0,100
57,63,50,6.0,100
57,62,50,6.0,100
57,61,50,6.0,100
57,60,50,6.0,100
57,59,50,6.0,100
57,58,50,6.0,100
57,57,50,6.0,100
57,56,50,6.0,100
57,55,50,6.0,100
57,54,50,6.0,100
57,53,50,6.0,100
57,52,50,6.0,100
57,51,50,6.0,100
57,50,50,6.0,100
57,49,50,6.0,2
57,48,50,6.0,1
57,47,50,6.0,99
57,46,50,6.0,99
57,45,50,6.0,100
57,44,50,6.0,100
57,43,50,6.0,99
57,42,50,6.0,98
57,41,50,6.0,98
57,40,50,0.0,0
57,39,50,0.0,0
57,38,50,0.0,0
57,37,50,0.0,0
57,36,50,0.0,0
57,35,50,0.0,0
57,34,50,0.0,0
57,33,50,0.0,0
57,32,50,0.0,0
57,31,50,0.0,0
57,30,50,0.0,0
57,29,50,0.0,0
57,28,50,0.0,0
57,27,50,6.0,98
57,26,50,0.0,0
57,25,50,0.0,0
57,24,50,6.0,98
57,23,50,0.0,0
57,22,50,0.0,0
57,21,50,6.0,100
57,20,50,6.0,100
56,80,50,4.0,100
56,79,50,4.0,100
56,78,50,4.0,100
56,77,50,4.0,100
56,76,50,4.0,100
56,75,50,4.0,100
56,74,50,4.0,100
56,73,50,4.0,100
56,72,50,6.0,100
56,71,50,6.0,100
56,70,50,6.0,100
56,69,50,6.0,100
56,68,50,6.0,100
56,67,50,6.0,100
56,66,50,6.0,100
56,65,50,6.0,100
56,64,50,6.0,100
56,63,50,6.0,100
56,62,50,6.0,100
56,61,50,6.0,100
56,60,50,6.0,100
56,59,50,6.0,100
56,58,50,6.0,100
56,57,50,6.0,100
56,56,50,6.0,100
56,55,50,6.0,100
56,54,50,6.0,100
56,53,50,6.0,100
56,52,50,6.0,100
56,51,50,6.0,98
56,50,50,6.0,100
56,49,50,6.0,100
56,48,50,6.0,100
56,47,50,6.0,99
56,46,50,6.0,98
56,45,50,6.0,98
56,44,50,6.0,98
56,43,50,0.0,0
56,42,50,0.0,0
56,41,50,0.0,0
56,40,50,0.0,0
56,39,50,0.0,0
56,38,50,0.0,0
56,37,50,0.0,0
56,36,50,6.0,100
56,35,50,6.0,99
56,34,50,6.0,99
56,33,50,0.0,0
56,32,50,0.0,0
56,31,50,0.0,0
56,30,50,0.0,0
56,29,50,0.0,0
56,28,50,0.0,0
56,27,50,0.0,0
56,26,50,0.0,0
56,25,50,0.0,0
56,24,50,0.0,0
56,23,50,0.0,0
56,22,50,0.0,0
56,21,50,0.0,0
56,20,50,0.0,0
55,80,50,4.0,100
55,79,50,4.0,100
55,78,50,4.0,100
55,77,50,4.0,100
55,76,50,4.0,100
55,75,50,4.0,100
55,74,50,4.0,100
55,73,50,4.0,100
55,72,50,6.0,100
55,71,50,6.0,100
55,70,50,6.0,100
55,69,50,6.0,100
55,68,50,6.0,100
55,67,50,6.0,100
55,66,50,6.0,100
55,65,50,6.0,100
55,64,50,6.0,100
55,63,50,6.0,100
55,62,50,6.0,100
55,61,50,6.0,100
55,60,50,6.0,100
55,59,50,6.0,100
55,58,50,6.0,100
55,57,50,6.0,100
55,56,50,6.0,100
55,55,50,6.0,100
55,54,50,6.0,100
55,53,50,6.0,100
55,52,50,6.0,100
55,51,50,6.0,98
55,50,50,6.0,98
55,49,50,6.0,98
55,48,50,6.0,98
55,47,50,6.0,98
55,46,50,6.0,98
55,45,50,0.0,0
55,44,50,0.0,0
55,43,50,0.0,0
55,42,50,0.0,0
55,41,50,0.0,0
55,40,50,6.0,100
55,39,50,6.0,98
55,38,50,6.0,98
55,37,50,6.0,99
55,36,50,6.0,100
55,35,50,6.0,98
55,34,50,6.0,98
55,33,50,0.0,0
55,32,50,0.0,0
55,31,50,0.0,0
55,30,50,0.0,0
55,29,50,0.0,0
55,28,50,0.0,0
55,27,50,0.0,0
55,26,50,0.0,0
55,25,50,0.0,0
55,24,50,0.0,0
55,23,50,0.0,0
55,22,50,0.0,0
55,21,50,0.0,0
55,20,50,0.0,0
54,80,50,4.0,100
54,79,50,4.0,100
54,78,50,4.0,100
54,77,50,4.0,100
54,76,50,4.0,100
54,75,50,4.0,100
54,74,50,4.0,100
54,73,50,4.0,100
54,72,50,6.0,100
54,71,50,6.0,100
54,70,50,6.0,100
54,69,50,6.0,100
54,68,50,6.0,100
54,67,50,6.0,100
54,66,50,6.0,100
54,65,50,6.0,100
54,64,50,6.0,100
54,63,50,6.0,100
54,62,50,6.0,100
54,61,50,6.0,100
54,60,50,6.0,100
54,59,50,6.0,100
54,58,50,6.0,100
54,57,50,6.0,100
54,56,50,6.0,100
54,55,50,6.0,100
54,54,50,6.0,100
54,53,50,6.0,100
54,52,50,6.0,100
54,51,50,6.0,100
54,50,50,6.0,98
54,49,50,6.0,100
54,48,50,6.0,100
54,47,50,6.0,100
54,46,50,0.0,0
54,45,50,0.0,0
54,44,50,6.0,100
54,43,50,6.0,98
54,42,50,6.0,98
54,41,50,6.0,98
54,40,50,6.0,100
54,39,50,6.0,98
54,38,50,6.0,98
54,37,50,6.0,98
54,36,50,0.0,0
54,35,50,0.0,0
54,34,50,0.0,0
54,33,50,0.0,0
54,32,50,0.0,0
54,31,50,0.0,0
54,30,50,0.0,0
54,29,50,0.0,0
54,28,50,0.0,0
54,27,50,0.0,0
54,26,50,0.0,0
54,25,50,0.0,0
54,24,50,0.0,0
54,23,50,0.0,0
54,22,50,0.0,0
54,21,50,0.0,0
54,20,50,6.0,100
53,80,50,4.0,100
53,79,50,4.0,100
53,78,50,4.0,100
53,77,50,4.0,100
53,76,50,4.0,100
53,75,50,4.0,100
53,74,50,4.0,100
53,73,50,4.0,100
53,72,50,6.0,100
53,71,50,6.0,100
53,70,50,6.0,100
53,69,50,6.0,100
53,68,50,6.0,100
53,67,50,6.0,100
53,66,50,6.0,100
53,65,50,6.0,100
53,64,50,6.0,100
53,63,50,6.0,100
53,62,50,6.0,100
53,61,50,6.0,100
53,60,50,6.0,100
53,59,50,6.0,100
53,58,50,6.0,100
53,57,50,6.0,100
53,56,50,6.0,100
53,55,50,6.0,100
53,54,50,6.0,100
53,53,50,6.0,100
53,52,50,6.0,100
53,51,50,6.0,100
53,50,50,6.0,100
53,49,50,6.0,100
53,48,50,6.0,99
53,47,50,6.0,100
53,46,50,6.0,100
53,45,50,6.0,100
53,44,50,6.0,100
53,43,50,6.0,98
53,42,50,6.0,98
53,41,50,6.0,98
53,40,50,6.0,98
53,39,50,6.0,98
53,38,50,0.0,0
53,37,50,0.0,0
53,36,50,0.0,0
53,35,50,0.0,0
53,34,50,0.0,0
53,33,50,0.0,0
53,32,50,0.0,0
53,31,50,0.0,0
53,30,50,0.0,0
53,29,50,0.0,0
53,28,50,6.0,99
53,27,50,0.0,0
53,26,50,0.0,0
53,25,50,0.0,0
53,24,50,0.0,0
53,23,50,0.0,0
53,22,50,0.0,0
53,21,50,0.0,0
53,20,50,0.0,0
52,80,50,4.0,100
52,79,50,4.0,100
52,78,50,4.0,100
52,77,50,4.0,100
52,76,50,4.0,100
52,75,50,4.0,100
52,74,50,4.0,100
52,73,50,4.0,100
52,72,50,6.0,100
52,71,50,6.0,100
52,70,50,6.0,100
52,69,50,6.0,100
52,68,50,6.0,100
52,67,50,6.0,100
52,66,50,6.0,100
52,65,50,6.0,100
52,64,50,6.0,100
52,63,50,6.0,100
52,62,50,6.0,100
52,61,50,6.0,100
52,60,50,6.0,100
52,59,50,6.0,100
52,58,50,6.0,100
52,57,50,6.0,100
52,56,50,6.0,100
52,55,50,6.0,100
52,54,50,6.0,100
52,53,50,6.0,100
52,52,50,6.0,100
52,51,50,6.0,100
52,50,50,6.0,100
52,49,50,6.0,100
52,48,50,6.0,99
52,47,50,6.0,98
52,46,50,6.0,98
52,45,50,6.0,98
52,44,50,6.0,98
52,43,50,6.0,98
52,42,50,6.0,98
52,41,50,6.0,98
52,40,50,6.0,98
52,39,50,0.0,0
52,38,50,0.0,0
52,37,50,0.0,0
52,36,50,0.0,0
52,35,50,0.0,0
52,34,50,0.0,0
52,33,50,0.0,0
52,32,50,6.0,98
52,31,50,6.0,98
52,30,50,0.0,0
52,29,50,0.0,0
52,28,50,0.0,0
52,27,50,0.0,0
52,26,50,0.0,0
52,25,50,0.0,0
52,24,50,0.0,0
52,23,50,0.0,0
52,22,50,0.0,0
52,21,50,0.0,0
52,20,50,0.0,0
51,80,50,4.0,100
51,79,50,4.0,100
51,78,50,4.0,100
51,77,50,4.0,100
51,76,50,4.0,99
51,75,50,4.0,100
51,74,50,4.0,100
51,73,50,4.0,100
51,72,50,6.0,100
51,71,50,6.0,100
51,70,50,6.0,100
51,69,50,6.0,100
51,68,50,6.0,100
51,67,50,6.0,100
51,66,50,6.0,100
51,65,50,6.0,100
51,64,50,6.0,100
51,63,50,6.0,100
51,62,50,6.0,100
51,61,50,6.0,100
51,60,50,6.0,100
51,59,50,6.0,100
51,58,50,6.0,100
51,57,50,6.0,100
51,56,50,6.0,98
51,55,50,6.0,98
51,54,50,6.0,98
51,53,50,6.0,100
51,52,50,6.0,100
51,51,50,6.0,100
51,50,50,6.0,98
51,49,50,6.0,100
51,48,50,6.0,98
51,47,50,6.0,98
51,46,50,6.0,98
51,45,50,6.0,98
51,44,50,6.0,98
51,43,50,6.0,98
51,42,50,6.0,98
51,41,50,6.0,100
51,40,50,6.0,98
51,39,50,6.0,98
51,38,50,0.0,0
51,37,50,0.0,0
51,36,50,6.0,98
51,35,50,6.0,98
51,34,50,6.0,98
51,33,50,0.0,0
51,32,50,0.0,0
51,31,50,0.0,0
51,30,50,0.0,0
51,29,50,0.0,0
51,28,50,0.0,0
51,27,50,0.0,0
51,26,50,0.0,0
51,25,50,0.0,0
51,24,50,0.0,0
51,23,50,0.0,0
51,22,50,0.0,0
51,21,50,0.0,0
51,20,50,0.0,0
50,80,50,4.0,99
50,79,50,4.0,99
50,78,50,4.0,99
50,77,50,4.0,99
50,76,50,4.0,99
50,75,50,4.0,99
50,74,50,4.0,100
50,73,50,4.0,100
50,72,50,6.0,100
50,71,50,6.0,100
50,70,50,6.0,100
50,69,50,6.0,100
50,68,50,6.0,100
50,67,50,6.0,100
50,66,50,6.0,100
50,65,50,6.0,100
50,64,50,6.0,100
50,63,50,6.0,100
50,62,50,6.0,100
50,61,50,6.0,100
50,60,50,6.0,98
50,59,50,6.0,98
50,58,50,6.0,98
50,57,50,6.0,99
50,56,50,6.0,98
50,55,50,6.0,100
50,54,50,6.0,100
50,53,50,6.0,100
50,52,50,6.0,100
50,51,50,6.0,100
50,50,50,6.0,98
50,49,50,6.0,98
50,48,50,6.0,98
50,47,50,6.0,98
50,46,50,6.0,98
50,45,50,6.0,100
50,44,50,6.0,98
50,43,50,6.0,98
50,42,50,6.0,100
50,41,50,6.0,100
50,40,50,6.0,98
50,39,50,6.0,100
50,38,50,6.0,98
50,37,50,6.0,98
50,36,50,6.0,98
50,35,50,0.0,0
50,34,50,0.0,0
50,33,50,0.0,0
50,32,50,0.0,0
50,31,50,0.0,0
50,30,50,0.0,0
50,29,50,0.0,0
50,28,50,0.0,0
50,27,50,0.0,0
50,26,50,0.0,0
50,25,50,0.0,0
50,24,50,0.0,0
50,23,50,0.0,0
50,22,50,0.0,0
50,21,50,0.0,0
50,20,50,0.0,0
49,80,50,4.0,99
49,79,50,4.0,100
49,78,50,4.0,100
49,77,50,4.0,100
49,76,50,4.0,100
49,75,50,4.0,99
49,74,50,4.0,99
49,73,50,4.0,99
49,72,50,6.0,100
49,71,50,6.0,100
49,70,50,6.0,100
49,69,50,6.0,100
49,68,50,6.0,100
49,67,50,6.0,100
49,66,50,6.0,100
49,65,50,6.0,100
49,64,50,6.0,98
49,63,50,6.0,98
49,62,50,6.0,99
49,61,50,6.0,99
49,60,50,6.0,98
49,59,50,6.0,100
49,58,50,6.0,100
49,57,50,6.0,100
49,56,50,6.0,100
49,55,50,6.0,100
49,54,50,6.0,100
49,53,50,6.0,100
49,52,50,6.0,100
49,51,50,6.0,99
49,50,50,6.0,99
49,49,50,6.0,100
49,48,50,0.0,0
49,47,50,6.0,100
49,46,50,6.0,100
49,45,50,6.0,100
49,44,50,6.0,98
49,43,50,6.0,100
49,42,50,6.0,98
49,41,50,6.0,98
49,40,50,6.0,98
49,39,50,6.0,98
49,38,50,6.0,98
49,37,50,6.0,98
49,36,50,0.0,0
49,35,50,0.0,0
49,34,50,0.0,0
49,33,50,0.0,0
49,32,50,0.0,0
49,31,50,0.0,0
49,30,50,0.0,0
49,29,50,0.0,0
49,28,50,0.0,0
49,27,50,0.0,0
49,26,50,0.0,0
49,25,50,6.0,98
49,24,50,0.0,0
49,23,50,0.0,0
49,22,50,0.0,0
49,21,50,0.0,0
49,20,50,0.0,0
48,80,50,4.0,100
48,79,50,4.0,100
48,78,50,4.0,100
48,77,50,4.0,100
48,76,50,4.0,100
48,75,50,4.0,100
48,74,50,4.0,99
48,73,50,4.0,100
48,72,50,6.0,100
48,71,50,6.0,100
48,70,50,6.0,100
48,69,50,6.0,100
48,68,50,6.0,100
48,67,50,6.0,100
48,66,50,6.0,100
48,65,50,6.0,98
48,64,50,6.0,98
48,63,50,6.0,100
48,62,50,6.0,100
48,61,50,6.0,100
48,60,50,6.0,100
48,59,50,6.0,100
48,58,50,6.0,100
48,57,50,6.0,100
48,56,50,6.0,100
48,55,50,6.0,100
48,54,50,6.0,100
48,53,50,6.0,99
48,52,50,6.0,98
48,51,50,6.0,98
48,50,50,6.0,100
48,49,50,6.0,100
48,48,50,6.0,100
48,47,50,6.0,98
48,46,50,6.0,98
48,45,50,6.0,98
48,44,50,6.0,100
48,43,50,6.0,98
48,42,50,6.0,98
48,41,50,6.0,98
48,40,50,6.0,98
48,39,50,6.0,98
48,38,50,6.0,100
48,37,50,6.0,98
48,36,50,6.0,98
48,35,50,0.0,0
48,34,50,0.0,0
48,33,50,6.0,97
48,32,50,6.0,97
48,31,50,0.0,0
48,30,50,6.0,98
48,29,50,6.0,98
48,28,50,6.0,98
48,27,50,6.0,98
48,26,50,0.0,0
48,25,50,0.0,0
48,24,50,0.0,0
48,23,50,0.0,0
48,22,50,0.0,0
48,21,50,0.0,0
48,20,50,6.0,100
47,80,50,4.0,100
47,79,50,4.0,100
47,78,50,4.0,100
47,77,50,4.0,99
47,76,50,4.0,99
47,75,50,4.0,100
47,74,50,4.0,100
47,73,50,4.0,100
47,72,50,6.0,100
47,71,50,6.0,99
47,70,50,6.0,98
47,69,50,6.0,100
47,68,50,6.0,100
47,67,50,6.0,100
47,66,50,6.0,100
47,65,50,6.0,100
47,64,50,6.0,100
47,63,50,6.0,100
47,62,50,6.0,100
47,61,50,6.0,100
47,60,50,6.0,100
47,59,50,6.0,100
47,58,50,6.0,100
47,57,50,6.0,99
47,56,50,6.0,98
47,55,50,6.0,98
47,54,50,6.0,98
47,53,50,6.0,99
47,52,50,6.0,100
47,51,50,6.0,100
47,50,50,6.0,99
47,49,50,6.0,99
47,48,50,6.0,100
47,47,50,6.0,98
47,46,50,6.0,98
47,45,50,6.0,98
47,44,50,6.0,98
47,43,50,6.0,98
47,42,50,6.0,100
47,41,50,6.0,98
47,40,50,6.0,98
47,39,50,6.0,98
47,38,50,6.0,100
47,37,50,6.0,98
47,36,50,6.0,98
47,35,50,6.0,97
47,34,50,0.0,0
47,33,50,0.0,0
47,32,50,0.0,0
47,31,50,0.0,0
47,30,50,0.0,0
47,29,50,0.0,0
47,28,50,0.0,0
47,27,50,0.0,0
47,26,50,0.0,0
47,25,50,0.0,0
47,24,50,0.0,0
47,23,50,0.0,0
47,22,50,0.0,0
47,21,50,0.0,0
47,20,50,0.0,0
46,80,50,4.0,99
46,79,50,4.0,99
46,78,50,4.0,99
46,77,50,4.0,99
46,76,50,4.0,100
46,75,50,4.0,99
46,74,50,4.0,100
46,73,50,4.0,100
46,72,50,6.0,100
46,71,50,6.0,100
46,70,50,6.0,100
46,69,50,6.0,100
46,68,50,6.0,100
46,67,50,6.0,100
46,66,50,6.0,100
46,65,50,6.0,100
46,64,50,6.0,100
46,63,50,6.0,100
46,62,50,6.0,100
46,61,50,6.0,98
46,60,50,6.0,98
46,59,50,6.0,99
46,58,50,6.0,98
46,57,50,6.0,99
46,56,50,6.0,100
46,55,50,6.0,100
46,54,50,6.0,100
46,53,50,6.0,100
46,52,50,6.0,100
46,51,50,6.0,100
46,50,50,6.0,99
46,49,50,6.0,99
46,48,50,6.0,99
46,47,50,6.0,99
46,46,50,6.0,100
46,45,50,6.0,98
46,44,50,6.0,100
46,43,50,6.0,98
46,42,50,6.0,100
46,41,50,0.0,0
46,40,50,0.0,0
46,39,50,6.0,100
46,38,50,6.0,97
46,37,50,6.0,97
46,36,50,0.0,0
46,35,50,0.0,0
46,34,50,0.0,0
46,33,50,6.0,98
46,32,50,6.0,98
46,31,50,0.0,0
46,30,50,0.0,0
46,29,50,0.0,0
46,28,50,0.0,0
46,27,50,0.0,0
46,26,50,0.0,0
46,25,50,0.0,0
46,24,50,0.0,0
46,23,50,0.0,0
46,22,50,0.0,0
46,21,50,0.0,0
46,20,50,0.0,0
45,80,50,4.0,100
45,79,50,4.0,100
45,78,50,4.0,100
45,77,50,4.0,100
45,76,50,4.0,100
45,75,50,4.0,100
45,74,50,4.0,99
45,73,50,4.0,99
45,72,50,6.0,100
45,71,50,6.0,100
45,70,50,6.0,100
45,69,50,6.0,100
45,68,50,6.0,100
45,67,50,6.0,100
45,66,50,6.0,100
45,65,50,6.0,98
45,64,50,6.0,98
45,63,50,6.0,99
45,62,50,6.0,99
45,61,50,6.0,98
45,60,50,6.0,100
45,59,50,6.0,100
45,58,50,6.0,100
45,57,50,6.0,100
45,56,50,6.0,100
45,55,50,6.0,100
45,54,50,6.0,100
45,53,50,6.0,100
45,52,50,6.0,100
45,51,50,6.0,100
45,50,50,6.0,100
45,49,50,6.0,99
45,48,50,6.0,100
45,47,50,6.0,100
45,46,50,6.0,100
45,45,50,6.0,100
45,44,50,6.0,100
45,43,50,6.0,99
45,42,50,6.0,98
45,41,50,6.0,98
45,40,50,6.0,97
45,39,50,6.0,97
45,38,50,6.0,97
45,37,50,0.0,0
45,36,50,0.0,0
45,35,50,0.0,0
45,34,50,0.0,0
45,33,50,0.0,0
45,32,50,0.0,0
45,31,50,0.0,0
45,30,50,0.0,0
45,29,50,0.0,0
45,28,50,0.0,0
45,27,50,0.0,0
45,26,50,0.0,0
45,25,50,0.0,0
45,24,50,0.0,0
45,23,50,0.0,0
45,22,50,0.0,0
45,21,50,0.0,0
45,20,50,0.0,0
44,80,50,4.0,100
44,79,50,4.0,100
44,78,50,4.0,100
44,77,50,4.0,100
44,76,50,4.0,100
44,75,50,4.0,100
44,74,50,4.0,100
44,73,50,4.0,100
44,72,50,6.0,99
44,71,50,6.0,100
44,70,50,6.0,100
44,69,50,6.0,98
44,68,50,6.0,99
44,67,50,6.0,99
44,66,50,6.0,99
44,65,50,6.0,98
44,64,50,6.0,100
44,63,50,6.0,100
44,62,50,6.0,100
44,61,50,6.0,100
44,60,50,6.0,100
44,59,50,6.0,100
44,58,50,6.0,100
44,57,50,6.0,100
44,56,50,6.0,100
44,55,50,6.0,100
44,54,50,6.0,100
44,53,50,6.0,100
44,52,50,6.0,100
44,51,50,6.0,100
44,50,50,6.0,100
44,49,50,0.0,0
44,48,50,0.0,0
44,47,50,6.0,99
44,46,50,0.0,0
44,45,50,0.0,0
44,44,50,6.0,100
44,43,50,6.0,98
44,42,50,6.0,98
44,41,50,6.0,97
44,40,50,6.0,97
44,39,50,0.0,0
44,38,50,0.0,0
44,37,50,0.0,0
44,36,50,0.0,0
44,35,50,0.0,0
44,34,50,0.0,0
44,33,50,0.0,0
44,32,50,0.0,0
44,31,50,0.0,0
44,30,50,0.0,0
44,29,50,0.0,0
44,28,50,0.0,0
44,27,50,0.0,0
44,26,50,0.0,0
44,25,50,0.0,0
44,24,50,0.0,0
44,23,50,0.0,0
44,22,50,0.0,0
44,21,50,0.0,0
44,20,50,0.0,0
43,80,50,4.0,100
43,79,50,4.0,100
43,78,50,4.0,99
43,77,50,4.0,99
43,76,50,4.0,99
43,75,50,4.0,100
43,74,50,4.0,100
43,73,50,4.0,100
43,72,50,6.0,100
43,71,50,6.0,99
43,70,50,6.0,98
43,69,50,6.0,98
43,68,50,6.0,100
43,67,50,6.0,100
43,66,50,6.0,100
43,65,50,6.0,100
43,64,50,6.0,100
43,63,50,6.0,100
43,62,50,6.0,100
43,61,50,6.0,100
43,60,50,6.0,100
43,59,50,6.0,100
43,58,50,6.0,99
43,57,50,6.0,98
43,56,50,6.0,98
43,55,50,6.0,100
43,54,50,6.0,100
43,53,50,0.0,0
43,52,50,0.0,0
43,51,50,0.0,0
43,50,50,6.0,100
43,49,50,6.0,100
43,48,50,0.0,0
43,47,50,0.0,0
43,46,50,0.0,0
43,45,50,6.0,100
43,44,50,6.0,100
43,43,50,6.0,100
43,42,50,6.0,98
43,41,50,6.0,98
43,40,50,0.0,0
43,39,50,0.0,0
43,38,50,0.0,0
43,37,50,0.0,0
43,36,50,0.0,0
43,35,50,6.0,99
43,34,50,0.0,0
43,33,50,6.0,98
43,32,50,6.0,98
43,31,50,6.0,98
43,30,50,6.0,98
43,29,50,0.0,0
43,28,50,0.0,0
43,27,50,0.0,0
43,26,50,0.0,0
43,25,50,0.0,0
43,24,50,0.0,0
43,23,50,0.0,0
43,22,50,0.0,0
43,21,50,0.0,0
43,20,50,0.0,0
42,80,50,4.0,99
42,79,50,4.0,99
42,78,50,4.0,99
42,77,50,4.0,100
42,76,50,4.0,100
42,75,50,4.0,99
42,74,50,4.0,100
42,73,50,4.0,100
42,72,50,6.0,100
42,71,50,6.0,100
42,70,50,6.0,100
42,69,50,6.0,100
42,68,50,6.0,100
42,67,50,6.0,100
42,66,50,6.0,100
42,65,50,6.0,100
42,64,50,6.0,100
42,63,50,6.0,100
42,62,50,6.0,99
42,61,50,6.0,98
42,60,50,6.0,98
42,59,50,6.0,99
42,58,50,6.0,99
42,57,50,6.0,100
42,56,50,6.0,100
42,55,50,0.0,0
42,54,50,0.0,0
42,53,50,0.0,0
42,52,50,6.0,100
42,51,50,6.0,100
42,50,50,6.0,100
42,49,50,0.0,0
42,48,50,0.0,0
42,47,50,6.0,100
42,46,50,6.0,99
42,45,50,6.0,99
42,44,50,6.0,100
42,43,50,6.0,100
42,42,50,0.0,0
42,41,50,6.0,99
42,40,50,0.0,0
42,39,50,6.0,99
42,38,50,0.0,0
42,37,50,0.0,0
42,36,50,0.0,0
42,35,50,6.0,99
42,34,50,0.0,0
42,33,50,0.0,0
42,32,50,0.0,0
42,31,50,0.0,0
42,30,50,0.0,0
42,29,50,0.0,0
42,28,50,0.0,0
42,27,50,0.0,0
42,26,50,0.0,0
42,25,50,0.0,0
42,24,50,0.0,0
42,23,50,0.0,0
42,22,50,0.0,0
42,21,50,0.0,0
42,20,50,0.0,0
41,80,50,4.0,99
41,79,50,4.0,100
41,78,50,4.0,99
41,77,50,4.0,99
41,76,50,4.0,99
41,75,50,4.0,99
41,74,50,4.0,99
41,73,50,4.0,99
41,72,50,6.0,100
41,71,50,6.0,100
41,70,50,6.0,100
41,69,50,6.0,100
41,68,50,6.0,100
41,67,50,6.0,100
41,66,50,6.0,98
41,65,50,6.0,99
41,64,50,6.0,99
41,63,50,6.0,99
41,62,50,6.0,99
41,61,50,6.0,1
41,60,50,0.0,0
41,59,50,6.0,100
41,58,50,0.0,0
41,57,50,0.0,0
41,56,50,0.0,0
41,55,50,0.0,0
41,54,50,0.0,0
41,53,50,6.0,100
41,52,50,6.0,100
41,51,50,6.0,100
41,50,50,6.0,100
41,49,50,6.0,100
41,48,50,6.0,100
41,47,50,6.0,100
41,46,50,0.0,0
41,45,50,0.0,0
41,44,50,0.0,0
41,43,50,0.0,0
41,42,50,0.0,0
41,41,50,0.0,0
41,40,50,0.0,0
41,39,50,6.0,99
41,38,50,0.0,0
41,37,50,0.0,0
41,36,50,6.0,98
41,35,50,6.0,98
41,34,50,6.0,98
41,33,50,0.0,0
41,32,50,0.0,0
41,31,50,0.0,0
41,30,50,0.0,0
41,29,50,0.0,0
41,28,50,0.0,0
41,27,50,0.0,0
41,26,50,0.0,0
41,25,50,0.0,0
41,24,50,0.0,0
41,23,50,0.0,0
41,22,50,0.0,0
41,21,50,0.0,0
41,20,50,0.0,0
40,80,50,4.0,99
40,79,50,4.0,99
40,78,50,4.0,99
40,77,50,4.0,99
40,76,50,4.0,99
40,75,50,4.0,99
40,74,50,4.0,99
40,73,50,4.0,99
40,72,50,6.0,99
40,71,50,6.0,100
40,70,50,6.0,98
40,69,50,6.0,99
40,68,50,6.0,99
40,67,50,6.0,99
40,66,50,6.0,98
40,65,50,6.0,98
40,64,50,6.0,98
40,63,50,6.0,1
40,62,50,6.0,100
40,61,50,6.0,100
40,60,50,0.0,0
40,59,50,0.0,0
40,58,50,0.0,0
40,57,50,0.0,0
40,56,50,0.0,0
40,55,50,6.0,100
40,54,50,6.0,100
40,53,50,6.0,100
40,52,50,6.0,100
40,51,50,6.0,100
40,50,50,0.0,0
40,49,50,0.0,0
40,48,50,0.0,0
40,47,50,0.0,0
40,46,50,0.0,0
40,45,50,0.0,0
40,44,50,0.0,0
40,43,50,0.0,0
40,42,50,0.0,0
40,41,50,0.0,0
40,40,50,0.0,0
40,39,50,0.0,0
40,38,50,0.0,0
40,37,50,6.0,98
40,36,50,6.0,98
40,35,50,0.0,0
40,34,50,0.0,0
40,33,50,0.0,0
40,32,50,0.0,0
40,31,50,0.0,0
40,30,50,0.0,0
40,29,50,0.0,0
40,28,50,0.0,0
40,27,50,0.0,0
40,26,50,0.0,0
40,25,50,0.0,0
40,24,50,0.0,0
40,23,50,0.0,0
40,22,50,0.0,0
40,21,50,0.0,0
40,20,50,0.0,0
39,80,50,4.0,99
39,79,50,4.0,100
39,78,50,4.0,100
39,77,50,4.0,100
39,76,50,4.0,100
39,75,50,4.0,99
39,74,50,4.0,100
39,73,50,4.0,100
39,72,50,6.0,99
39,71,50,6.0,99
39,70,50,6.0,98
39,69,50,6.0,98
39,68,50,6.0,98
39,67,50,6.0,99
39,66,50,6.0,2
39,65,50,6.0,1
39,64,50,6.0,100
39,63,50,6.0,100
39,62,50,6.0,100
39,61,50,0.0,0
39,60,50,0.0,0
39,59,50,6.0,100
39,58,50,6.0,100
39,57,50,6.0,100
39,56,50,6.0,100
39,55,50,6.0,100
39,54,50,0.0,0
39,53,50,0.0,0
39,52,50,0.0,0
39,51,50,0.0,0
39,50,50,0.0,0
39,49,50,0.0,0
39,48,50,0.0,0
39,47,50,0.0,0
39,46,50,0.0,0
39,45,50,0.0,0
39,44,50,0.0,0
39,43,50,0.0,0
39,42,50,0.0,0
39,41,50,0.0,0
39,40,50,0.0,0
39,39,50,0.0,0
39,38,50,0.0,0
39,37,50,0.0,0
39,36,50,0.0,0
39,35,50,0.0,0
39,34,50,0.0,0
39,33,50,0.0,0
39,32,50,0.0,0
39,31,50,0.0,0
39,30,50,0.0,0
39,29,50,0.0,0
39,28,50,0.0,0
39,27,50,0.0,0
39,26,50,0.0,0
39,25,50,0.0,0
39,24,50,0.0,0
39,23,50,0.0,0
39,22,50,0.0,0
39,21,50,0.0,0
39,20,50,0.0,0
38,80,50,4.0,100
38,79,50,4.0,100
38,78,50,4.0,99
38,77,50,4.0,99
38,76,50,4.0,99
38,75,50,4.0,100
38,74,50,4.0,100
38,73,50,4.0,99
38,72,50,6.0,99
38,71,50,6.0,99
38,70,50,6.0,99
38,69,50,6.0,99
38,68,50,6.0,1
38,67,50,6.0,1
38,66,50,6.0,1
38,65,50,6.0,100
38,64,50,6.0,100
38,63,50,6.0,99
38,62,50,6.0,98
38,61,50,6.0,99
38,60,50,6.0,100
38,59,50,6.0,100
38,58,50,0.0,0
38,57,50,0.0,0
38,56,50,0.0,0
38,55,50,0.0,0
38,54,50,0.0,0
38,53,50,0.0,0
38,52,50,0.0,0
38,51,50,0.0,0
38,50,50,0.0,0
38,49,50,0.0,0
38,48,50,6.0,100
38,47,50,6.0,99
38,46,50,6.0,100
38,45,50,0.0,0
38,44,50,0.0,0
38,43,50,0.0,0
38,42,50,0.0,0
38,41,50,0.0,0
38,40,50,0.0,0
38,39,50,0.0,0
38,38,50,0.0,0
38,37,50,0.0,0
38,36,50,0.0,0
38,35,50,0.0,0
38,34,50,0.0,0
38,33,50,0.0,0
38,32,50,0.0,0
38,31,50,0.0,0
38,30,50,0.0,0
38,29,50,0.0,0
38,28,50,0.0,0
38,27,50,0.0,0
38,26,50,0.0,0
38,25,50,0.0,0
38,24,50,0.0,0
38,23,50,0.0,0
38,22,50,0.0,0
38,21,50,0.0,0
38,20,50,0.0,0
37,80,50,4.0,99
37,79,50,4.0,99
37,78,50,4.0,99
37,77,50,4.0,99
37,76,50,4.0,99
37,75,50,4.0,99
37,74,50,4.0,99
37,73,50,4.0,99
37,72,50,6.0,99
37,71,50,6.0,99
37,70,50,6.0,99
37,69,50,6.0,2
37,68,50,6.0,1
37,67,50,6.0,99
37,66,50,6.0,98
37,65,50,6.0,99
37,64,50,6.0,99
37,63,50,6.0,99
37,62,50,6.0,99
37,61,50,6.0,98
37,60,50,0.0,0
37,59,50,0.0,0
37,58,50,0.0,0
37,57,50,0.0,0
37,56,50,0.0,0
37,55,50,0.0,0
37,54,50,0.0,0
37,53,50,0.0,0
37,52,50,0.0,0
37,51,50,0.0,0
37,50,50,0.0,0
37,49,50,6.0,100
37,48,50,6.0,100
37,47,50,0.0,0
37,46,50,0.0,0
37,45,50,0.0,0
37,44,50,0.0,0
37,43,50,0.0,0
37,42,50,0.0,0
37,41,50,0.0,0
37,40,50,0.0,0
37,39,50,0.0,0
37,38,50,0.0,0
37,37,50,0.0,0
37,36,50,0.0,0
37,35,50,0.0,0
37,34,50,0.0,0
37,33,50,0.0,0
37,32,50,0.0,0
37,31,50,0.0,0
37,30,50,0.0,0
37,29,50,0.0,0
37,28,50,0.0,0
37,27,50,0.0,0
37,26,50,0.0,0
37,25,50,0.0,0
37,24,50,0.0,0
37,23,50,0.0,0
37,22,50,0.0,0
37,21,50,0.0,0
37,20,50,0.0,0
36,80,50,4.0,99
36,79,50,4.0,99
36,78,50,4.0,99
36,77,50,4.0,99
36,76,50,4.0,100
36,75,50,4.0,99
36,74,50,4.0,99
36,73,50,4.0,99
36,72,50,6.0,99
36,71,50,6.0,99
36,70,50,6.0,99
36,69,50,6.0,99
36,68,50,6.0,99
36,67,50,6.0,99
36,66,50,6.0,99
36,65,50,6.0,98
36,64,50,6.0,98
36,63,50,0.0,0
36,62,50,0.0,0
36,61,50,0.0,0
36,60,50,0.0,0
36,59,50,0.0,0
36,58,50,0.0,0
36,57,50,0.0,0
36,56,50,6.0,100
36,55,50,6.0,100
36,54,50,6.0,100
36,53,50,0.0,0
36,52,50,0.0,0
36,51,50,0.0,0
36,50,50,0.0,0
36,49,50,0.0,0
36,48,50,0.0,0
36,47,50,0.0,0
36,46,50,0.0,0
36,45,50,0.0,0
36,44,50,0.0,0
36,43,50,0.0,0
36,42,50,0.0,0
36,41,50,0.0,0
36,40,50,0.0,0
36,39,50,0.0,0
36,38,50,0.0,0
36,37,50,0.0,0
36,36,50,0.0,0
36,35,50,0.0,0
36,34,50,0.0,0
36,33,50,0.0,0
36,32,50,0.0,0
36,31,50,0.0,0
36,30,50,0.0,0
36,29,50,0.0,0
36,28,50,0.0,0
36,27,50,0.0,0
36,26,50,0.0,0
36,25,50,0.0,0
36,24,50,0.0,0
36,23,50,0.0,0
36,22,50,0.0,0
36,21,50,0.0,0
36,20,50,6.0,100
35,80,50,4.0,99
35,79,50,4.0,99
35,78,50,4.0,99
35,77,50,4.0,100
35,76,50,4.0,100
35,75,50,4.0,99
35,74,50,4.0,99
35,73,50,4.0,99
35,72,50,6.0,99
35,71,50,6.0,99
35,70,50,6.0,99
35,69,50,6.0,99
35,68,50,6.0,98
35,67,50,6.0,99
35,66,50,6.0,98
35,65,50,0.0,0
35,64,50,0.0,0
35,63,50,0.0,0
35,62,50,0.0,0
35,61,50,0.0,0
35,60,50,6.0,99
35,59,50,6.0,98
35,58,50,6.0,98
35,57,50,6.0,100
35,56,50,6.0,100
35,55,50,6.0,98
35,54,50,6.0,98
35,53,50,0.0,0
35,52,50,0.0,0
35,51,50,0.0,0
35,50,50,0.0,0
35,49,50,0.0,0
35,48,50,0.0,0
35,47,50,0.0,0
35,46,50,0.0,0
35,45,50,0.0,0
35,44,50,0.0,0
35,43,50,0.0,0
35,42,50,0.0,0
35,41,50,0.0,0
35,40,50,0.0,0
35,39,50,0.0,0
35,38,50,0.0,0
35,37,50,0.0,0
35,36,50,0.0,0
35,35,50,0.0,0
35,34,50,0.0,0
35,33,50,0.0,0
35,32,50,0.0,0
35,31,50,0.0,0
35,30,50,0.0,0
35,29,50,0.0,0
35,28,50,0.0,0
35,27,50,0.0,0
35,26,50,0.0,0
35,25,50,0.0,0
35,24,50,0.0,0
35,23,50,0.0,0
35,22,50,0.0,0
35,21,50,0.0,0
35,20,50,0.0,0
34,80,50,4.0,99
34,79,50,4.0,99
34,78,50,4.0,99
34,77,50,4.0,99
34,76,50,4.0,99
34,75,50,4.0,99
34,74,50,4.0,99
34,73,50,4.0,99
34,72,50,6.0,99
34,71,50,6.0,99
34,70,50,6.0,98
34,69,50,6.0,99
34,68,50,6.0,99
34,67,50,6.0,99
34,66,50,0.0,0
34,65,50,0.0,0
34,64,50,6.0,99
34,63,50,6.0,98
34,62,50,6.0,98
34,61,50,6.0,98
34,60,50,6.0,99
34,59,50,6.0,98
34,58,50,6.0,98
34,57,50,6.0,99
34,56,50,0.0,0
34,55,50,0.0,0
34,54,50,0.0,0
34,53,50,0.0,0
34,52,50,0.0,0
34,51,50,0.0,0
34,50,50,0.0,0
34,49,50,0.0,0
34,48,50,0.0,0
34,47,50,0.0,0
34,46,50,0.0,0
34,45,50,0.0,0
34,44,50,0.0,0
34,43,50,0.0,0
34,42,50,0.0,0
34,41,50,0.0,0
34,40,50,0.0,0
34,39,50,0.0,0
34,38,50,0.0,0
34,37,50,0.0,0
34,36,50,0.0,0
34,35,50,0.0,0
34,34,50,0.0,0
34,33,50,0.0,0
34,32,50,0.0,0
34,31,50,0.0,0
34,30,50,0.0,0
34,29,50,0.0,0
34,28,50,0.0,0
34,27,50,0.0,0
34,26,50,0.0,0
34,25,50,0.0,0
34,24,50,0.0,0
34,23,50,0.0,0
34,22,50,0.0,0
34,21,50,0.0,0
34,20,50,0.0,0
33,80,50,4.0,99
33,79,50,4.0,99
33,78,50,4.0,99
33,77,50,4.0,99
33,76,50,4.0,99
33,75,50,4.0,99
33,74,50,4.0,99
33,73,50,4.0,99
33,72,50,6.0,99
33,71,50,6.0,99
33,70,50,6.0,99
33,69,50,6.0,99
33,68,50,6.0,99
33,67,50,6.0,99
33,66,50,6.0,99
33,65,50,6.0,99
33,64,50,6.0,99
33,63,50,6.0,98
33,62,50,6.0,99
33,61,50,6.0,99
33,60,50,6.0,98
33,59,50,6.0,98
33,58,50,0.0,0
33,57,50,0.0,0
33,56,50,0.0,0
33,55,50,0.0,0
33,54,50,0.0,0
33,53,50,0.0,0
33,52,50,0.0,0
33,51,50,0.0,0
33,50,50,0.0,0
33,49,50,0.0,0
33,48,50,6.0,97
33,47,50,6.0,98
33,46,50,0.0,0
33,45,50,0.0,0
33,44,50,0.0,0
33,43,50,0.0,0
33,42,50,0.0,0
33,41,50,0.0,0
33,40,50,0.0,0
33,39,50,0.0,0
33,38,50,0.0,0
33,37,50,0.0,0
33,36,50,0.0,0
33,35,50,0.0,0
33,34,50,0.0,0
33,33,50,0.0,0
33,32,50,0.0,0
33,31,50,0.0,0
33,30,50,0.0,0
33,29,50,0.0,0
33,28,50,0.0,0
33,27,50,0.0,0
33,26,50,0.0,0
33,25,50,0.0,0
33,24,50,0.0,0
33,23,50,0.0,0
33,22,50,0.0,0
33,21,50,0.0,0
33,20,50,0.0,0
32,80,50,4.0,99
32,79,50,4.0,99
32,78,50,4.0,99
32,77,50,4.0,99
32,76,50,4.0,99
32,75,50,4.0,99
32,74,50,4.0,99
32,73,50,4.0,99
32,72,50,6.0,99
32,71,50,0.0,0
32,70,50,0.0,0
32,69,50,6.0,99
32,68,50,6.0,99
32,67,50,6.0,99
32,66,50,6.0,98
32,65,50,6.0,98
32,64,50,6.0,98
32,63,50,6.0,98
32,62,50,6.0,99
32,61,50,6.0,98
32,60,50,6.0,98
32,59,50,0.0,0
32,58,50,0.0,0
32,57,50,0.0,0
32,56,50,0.0,0
32,55,50,0.0,0
32,54,50,0.0,0
32,53,50,0.0,0
32,52,50,6.0,98
32,51,50,6.0,98
32,50,50,6.0,98
32,49,50,0.0,0
32,48,50,0.0,0
32,47,50,0.0,0
32,46,50,0.0,0
32,45,50,0.0,0
32,44,50,0.0,0
32,43,50,0.0,0
32,42,50,0.0,0
32,41,50,0.0,0
32,40,50,0.0,0
32,39,50,0.0,0
32,38,50,0.0,0
32,37,50,0.0,0
32,36,50,0.0,0
32,35,50,0.0,0
32,34,50,0.0,0
32,33,50,0.0,0
32,32,50,0.0,0
32,31,50,0.0,0
32,30,50,0.0,0
32,29,50,0.0,0
32,28,50,0.0,0
32,27,50,0.0,0
32,26,50,0.0,0
32,25,50,0.0,0
32,24,50,0.0,0
32,23,50,0.0,0
32,22,50,0.0,0
32,21,50,0.0,0
32,20,50,0.0,0
31,80,50,4.0,99
31,79,50,4.0,99
31,78,50,4.0,99
31,77,50,4.0,99
31,76,50,4.0,99
31,75,50,4.0,99
31,74,50,4.0,99
31,73,50,4.0,99
31,72,50,6.0,99
31,71,50,6.0,99
31,70,50,6.0,98
31,69,50,6.0,99
31,68,50,6.0,98
31,67,50,6.0,99
31,66,50,6.0,99
31,65,50,6.0,98
31,64,50,6.0,98
31,63,50,6.0,99
31,62,50,6.0,99
31,61,50,6.0,99
31,60,50,6.0,98
31,59,50,6.0,98
31,58,50,0.0,0
31,57,50,0.0,0
31,56,50,6.0,98
31,55,50,6.0,98
31,54,50,6.0,98
31,53,50,6.0,99
31,52,50,6.0,98
31,51,50,0.0,0
31,50,50,0.0,0
31,49,50,0.0,0
31,48,50,0.0,0
31,47,50,0.0,0
31,46,50,0.0,0
31,45,50,0.0,0
31,44,50,0.0,0
31,43,50,0.0,0
31,42,50,0.0,0
31,41,50,0.0,0
31,40,50,0.0,0
31,39,50,0.0,0
31,38,50,0.0,0
31,37,50,0.0,0
31,36,50,0.0,0
31,35,50,0.0,0
31,34,50,0.0,0
31,33,50,0.0,0
31,32,50,0.0,0
31,31,50,0.0,0
31,30,50,0.0,0
31,29,50,0.0,0
31,28,50,0.0,0
31,27,50,0.0,0
31,26,50,0.0,0
31,25,50,0.0,0
31,24,50,0.0,0
31,23,50,0.0,0
31,22,50,0.0,0
31,21,50,0.0,0
31,20,50,0.0,0
30,80,50,4.0,99
30,79,50,4.0,99
30,78,50,4.0,99
30,77,50,4.0,99
30,76,50,4.0,99
30,75,50,4.0,99
30,74,50,4.0,99
30,73,50,4.0,99
30,72,50,6.0,99
30,71,50,6.0,99
30,70,50,6.0,98
30,69,50,6.0,98
30,68,50,6.0,98
30,67,50,6.0,99
30,66,50,6.0,99
30,65,50,6.0,99
30,64,50,6.0,98
30,63,50,6.0,98
30,62,50,6.0,99
30,61,50,6.0,99
30,60,50,6.0,98
30,59,50,6.0,99
30,58,50,6.0,98
30,57,50,6.0,98
30,56,50,6.0,98
30,55,50,0.0,0
30,54,50,0.0,0
30,53,50,0.0,0
30,52,50,0.0,0
30,51,50,0.0,0
30,50,50,0.0,0
30,49,50,0.0,0
30,48,50,0.0,0
30,47,50,0.0,0
30,46,50,0.0,0
30,45,50,0.0,0
30,44,50,0.0,0
30,43,50,0.0,0
30,42,50,0.0,0
30,41,50,6.0,98
30,40,50,0.0,0
30,39,50,0.0,0
30,38,50,0.0,0
30,37,50,0.0,0
30,36,50,0.0,0
30,35,50,0.0,0
30,34,50,0.0,0
30,33,50,0.0,0
30,32,50,0.0,0
30,31,50,0.0,0
30,30,50,0.0,0
30,29,50,0.0,0
30,28,50,0.0,0
30,27,50,0.0,0
30,26,50,0.0,0
30,25,50,0.0,0
30,24,50,0.0,0
30,23,50,0.0,0
30,22,50,0.0,0
30,21,50,0.0,0
30,20,50,0.0,0
29,80,50,4.0,99
29,79,50,4.0,99
29,78,50,4.0,99
29,77,50,4.0,99
29,76,50,4.0,99
29,75,50,4.0,99
29,74,50,4.0,99
29,73,50,4.0,99
29,72,50,0.0,0
29,71,50,6.0,98
29,70,50,6.0,98
29,69,50,0.0,0
29,68,50,0.0,0
29,67,50,0.0,0
29,66,50,6.0,99
29,65,50,6.0,99
29,64,50,6.0,98
29,63,50,6.0,99
29,62,50,6.0,99
29,61,50,6.0,98
29,60,50,6.0,98
29,59,50,0.0,0
29,58,50,0.0,0
29,57,50,0.0,0
29,56,50,0.0,0
29,55,50,0.0,0
29,54,50,0.0,0
29,53,50,0.0,0
29,52,50,0.0,0
29,51,50,0.0,0
29,50,50,0.0,0
29,49,50,0.0,0
29,48,50,0.0,0
29,47,50,0.0,0
29,46,50,0.0,0
29,45,50,0.0,0
29,44,50,0.0,0
29,43,50,0.0,0
29,42,50,0.0,0
29,41,50,0.0,0
29,40,50,0.0,0
29,39,50,0.0,0
29,38,50,0.0,0
29,37,50,0.0,0
29,36,50,0.0,0
29,35,50,0.0,0
29,34,50,0.0,0
29,33,50,0.0,0
29,32,50,0.0,0
29,31,50,0.0,0
29,30,50,0.0,0
29,29,50,0.0,0
29,28,50,0.0,0
29,27,50,0.0,0
29,26,50,0.0,0
29,25,50,0.0,0
29,24,50,0.0,0
29,23,50,0.0,0
29,22,50,0.0,0
29,21,50,0.0,0
29,20,50,0.0,0
28,80,50,4.0,99
28,79,50,4.0,99
28,78,50,4.0,99
28,77,50,4.0,99
28,76,50,4.0,99
28,75,50,4.0,99
28,74,50,4.0,99
28,73,50,4.0,99
28,72,50,6.0,99
28,71,50,0.0,0
28,70,50,0.0,0
28,69,50,0.0,0
28,68,50,6.0,99
28,67,50,6.0,99
28,66,50,6.0,99
28,65,50,6.0,98
28,64,50,6.0,99
28,63,50,6.0,99
28,62,50,6.0,99
28,61,50,6.0,98
28,60,50,6.0,98
28,59,50,0.0,0
28,58,50,0.0,0
28,57,50,0.0,0
28,56,50,0.0,0
28,55,50,6.0,98
28,54,50,6.0,99
28,53,50,0.0,0
28,52,50,0.0,0
28,51,50,0.0,0
28,50,50,0.0,0
28,49,50,0.0,0
28,48,50,0.0,0
28,47,50,0.0,0
28,46,50,0.0,0
28,45,50,0.0,0
28,44,50,0.0,0
28,43,50,0.0,0
28,42,50,0.0,0
28,41,50,0.0,0
28,40,50,0.0,0
28,39,50,0.0,0
28,38,50,0.0,0
28,37,50,0.0,0
28,36,50,0.0,0
28,35,50,0.0,0
28,34,50,0.0,0
28,33,50,0.0,0
28,32,50,0.0,0
28,31,50,0.0,0
28,30,50,0.0,0
28,29,50,0.0,0
28,28,50,0.0,0
28,27,50,0.0,0
28,26,50,0.0,0
28,25,50,0.0,0
28,24,50,0.0,0
28,23,50,0.0,0
28,22,50,0.0,0
28,21,50,0.0,0
28,20,50,0.0,0
27,80,50,4.0,99
27,79,50,4.0,99
27,78,50,4.0,99
27,77,50,0.0,0
27,76,50,0.0,0
27,75,50,4.0,99
27,74,50,4.0,99
27,73,50,4.0,99
27,72,50,6.0,99
27,71,50,6.0,99
27,70,50,6.0,98
27,69,50,6.0,98
27,68,50,6.0,99
27,67,50,6.0,99
27,66,50,6.0,99
27,65,50,6.0,98
27,64,50,6.0,98
27,63,50,6.0,99
27,62,50,6.0,99
27,61,50,6.0,98
27,60,50,6.0,98
27,59,50,6.0,98
27,58,50,6.0,99
27,57,50,0.0,0
27,56,50,0.0,0
27,55,50,0.0,0
27,54,50,0.0,0
27,53,50,0.0,0
27,52,50,0.0,0
27,51,50,0.0,0
27,50,50,0.0,0
27,49,50,0.0,0
27,48,50,0.0,0
27,47,50,0.0,0
27,46,50,0.0,0
27,45,50,0.0,0
27,44,50,0.0,0
27,43,50,0.0,0
27,42,50,0.0,0
27,41,50,0.0,0
27,40,50,0.0,0
27,39,50,0.0,0
27,38,50,0.0,0
27,37,50,0.0,0
27,36,50,0.0,0
27,35,50,0.0,0
27,34,50,0.0,0
27,33,50,0.0,0
27,32,50,0.0,0
27,31,50,0.0,0
27,30,50,0.0,0
27,29,50,0.0,0
27,28,50,0.0,0
27,27,50,0.0,0
27,26,50,0.0,0
27,25,50,0.0,0
27,24,50,0.0,0
27,23,50,0.0,0
27,22,50,0.0,0
27,21,50,0.0,0
27,20,50,0.0,0
26,80,50,0.0,0
26,79,50,0.0,0
26,78,50,0.0,0
26,77,50,0.0,0
26,76,50,0.0,0
26,75,50,0.0,0
26,74,50,4.0,99
26,73,50,4.0,99
26,72,50,6.0,99
26,71,50,6.0,99
26,70,50,6.0,98
26,69,50,6.0,98
26,68,50,6.0,99
26,67,50,6.0,99
26,66,50,6.0,99
26,65,50,6.0,98
26,64,50,6.0,98
26,63,50,6.0,99
26,62,50,6.0,99
26,61,50,0.0,0
26,60,50,0.0,0
26,59,50,0.0,0
26,58,50,0.0,0
26,57,50,0.0,0
26,56,50,0.0,0
26,55,50,0.0,0
26,54,50,0.0,0
26,53,50,0.0,0
26,52,50,0.0,0
26,51,50,0.0,0
26,50,50,0.0,0
26,49,50,0.0,0
26,48,50,0.0,0
26,47,50,0.0,0
26,46,50,0.0,0
26,45,50,0.0,0
26,44,50,0.0,0
26,43,50,0.0,0
26,42,50,0.0,0
26,41,50,0.0,0
26,40,50,0.0,0
26,39,50,0.0,0
26,38,50,0.0,0
26,37,50,0.0,0
26,36,50,0.0,0
26,35,50,0.0,0
26,34,50,0.0,0
26,33,50,0.0,0
26,32,50,0.0,0
26,31,50,0.0,0
26,30,50,0.0,0
26,29,50,0.0,0
26,28,50,0.0,0
26,27,50,0.0,0
26,26,50,0.0,0
26,25,50,0.0,0
26,24,50,0.0,0
26,23,50,0.0,0
26,22,50,0.0,0
26,21,50,0.0,0
26,20,50,6.0,100
25,80,50,0.0,0
25,79,50,0.0,0
25,78,50,0.0,0
25,77,50,0.0,0
25,76,50,0.0,0
25,75,50,0.0,0
25,74,50,0.0,0
25,73,50,0.0,0
25,72,50,0.0,0
25,71,50,0.0,0
25,70,50,0.0,0
25,69,50,0.0,0
25,68,50,0.0,0
25,67,50,0.0,0
25,66,50,0.0,0
25,65,50,0.0,0
25,64,50,0.0,0
25,63,50,0.0,0
25,62,50,0.0,0
25,61,50,0.0,0
25,60,50,0.0,0
25,59,50,0.0,0
25,58,50,0.0,0
25,57,50,0.0,0
25,56,50,0.0,0
25,55,50,0.0,0
25,54,50,0.0,0
25,53,50,0.0,0
25,52,50,0.0,0
25,51,50,0.0,0
25,50,50,0.0,0
25,49,50,0.0,0
25,48,50,0.0,0
25,47,50,0.0,0
25,46,50,0.0,0
25,45,50,0.0,0
25,44,50,0.0,0
25,43,50,0.0,0
25,42,50,0.0,0
25,41,50,0.0,0
25,40,50,0.0,0
25,39,50,0.0,0
25,38,50,0.0,0
25,37,50,0.0,0
25,36,50,0.0,0
25,35,50,0.0,0
25,34,50,0.0,0
25,33,50,0.0,0
25,32,50,0.0,0
25,31,50,0.0,0
25,30,50,0.0,0
25,29,50,0.0,0
25,28,50,0.0,0
25,27,50,0.0,0
25,26,50,0.0,0
25,25,50,0.0,0
25,24,50,0.0,0
25,23,50,0.0,0
25,22,50,0.0,0
25,21,50,0.0,0
25,20,50,6.0,100
24,80,50,0.0,0
24,79,50,0.0,0
24,78,50,0.0,0
24,77,50,0.0,0
24,76,50,0.0,0
24,75,50,0.0,0
24,74,50,0.0,0
24,73,50,0.0,0
24,72,50,0.0,0
24,71,50,0.0,0
24,70,50,0.0,0
24,69,50,0.0,0
24,68,50,0.0,0
24,67,50,0.0,0
24,66,50,0.0,0
24,65,50,0.0,0
24,64,50,0.0,0
24,63,50,0.0,0
24,62,50,0.0,0
24,61,50,0.0,0
24,60,50,0.0,0
24,59,50,0.0,0
24,58,50,0.0,0
24,57,50,0.0,0
24,56,50,0.0,0
24,55,50,0.0,0
24,54,50,0.0,0
24,53,50,0.0,0
24,52,50,0.0,0
24,51,50,0.0,0
24,50,50,0.0,0
24,49,50,0.0,0
24,48,50,0.0,0
24,47,50,0.0,0
24,46,50,0.0,0
24,45,50,0.0,0
24,44,50,0.0,0
24,43,50,0.0,0
24,42,50,0.0,0
24,41,50,0.0,0
24,40,50,0.0,0
24,39,50,0.0,0
24,38,50,0.0,0
24,37,50,0.0,0
24,36,50,0.0,0
24,35,50,0.0,0
24,34,50,0.0,0
24,33,50,0.0,0
24,32,50,0.0,0
24,31,50,0.0,0
24,30,50,0.0,0
24,29,50,0.0,0
24,28,50,0.0,0
24,27,50,0.0,0
24,26,50,0.0,0
24,25,50,0.0,0
24,24,50,0.0,0
24,23,50,0.0,0
24,22,50,0.0,0
24,21,50,0.0,0
24,20,50,6.0,100
23,80,50,0.0,0
23,79,50,0.0,0
23,78,50,0.0,0
23,77,50,0.0,0
23,76,50,0.0,0
23,75,50,0.0,0
23,74,50,0.0,0
23,73,50,0.0,0
23,72,50,0.0,0
23,71,50,0.0,0
23,70,50,0.0,0
23,69,50,0.0,0
23,68,50,0.0,0
23,67,50,0.0,0
23,66,50,0.0,0
23,65,50,0.0,0
23,64,50,0.0,0
23,63,50,0.0,0
23,62,50,0.0,0
23,61,50,0.0,0
23,60,50,0.0,0
23,59,50,0.0,0
23,58,50,0.0,0
23,57,50,0.0,0
23,56,50,0.0,0
23,55,50,0.0,0
23,54,50,0.0,0
23,53,50,0.0,0
23,52,50,0.0,0
23,51,50,0.0,0
23,50,50,0.0,0
23,49,50,0.0,0
23,48,50,0.0,0
23,47,50,0.0,0
23,46,50,0.0,0
23,45,50,0.0,0
23,44,50,0.0,0
23,43,50,0.0,0
23,42,50,0.0,0
23,41,50,0.0,0
23,40,50,0.0,0
23,39,50,0.0,0
23,38,50,0.0,0
23,37,50,0.0,0
23,36,50,0.0,0
23,35,50,0.0,0
23,34,50,0.0,0
23,33,50,0.0,0
23,32,50,0.0,0
23,31,50,0.0,0
23,30,50,0.0,0
23,29,50,0.0,0
23,28,50,0.0,0
23,27,50,0.0,0
23,26,50,0.0,0
23,25,50,0.0,0
23,24,50,0.0,0
23,23,50,0.0,0
23,22,50,0.0,0
23,21,50,0.0,0
23,20,50,6.0,100
22,80,50,0.0,0
22,79,50,0.0,0
22,78,50,0.0,0
22,77,50,0.0,0
22,76,50,0.0,0
22,75,50,0.0,0
22,74,50,0.0,0
22,73,50,0.0,0
22,72,50,0.0,0
22,71,50,0.0,0
22,70,50,0.0,0
22,69,50,0.0,0
22,68,50,0.0,0
22,67,50,0.0,0
22,66,50,0.0,0
22,65,50,0.0,0
22,64,50,0.0,0
22,63,50,0.0,0
22,62,50,0.0,0
22,61,50,0.0,0
22,60,50,0.0,0
22,59,50,0.0,0
22,58,50,0.0,0
22,57,50,0.0,0
22,56,50,0.0,0
22,55,50,0.0,0
22,54,50,0.0,0
22,53,50,0.0,0
22,52,50,0.0,0
22,51,50,0.0,0
22,50,50,0.0,0
22,49,50,0.0,0
22,48,50,0.0,0
22,47,50,0.0,0
22,46,50,0.0,0
22,45,50,0.0,0
22,44,50,0.0,0
22,43,50,0.0,0
22,42,50,0.0,0
22,41,50,0.0,0
22,40,50,0.0,0
22,39,50,0.0,0
22,38,50,0.0,0
22,37,50,0.0,0
22,36,50,0.0,0
22,35,50,0.0,0
22,34,50,0.0,0
22,33,50,0.0,0
22,32,50,0.0,0
22,31,50,0.0,0
22,30,50,0.0,0
22,29,50,0.0,0
22,28,50,0.0,0
22,27,50,0.0,0
22,26,50,0.0,0
22,25,50,0.0,0
22,24,50,0.0,0
22,23,50,0.0,0
22,22,50,0.0,0
22,21,50,0.0,0
22,20,50,6.0,100
21,80,50,0.0,0
21,79,50,0.0,0
21,78,50,0.0,0
21,77,50,0.0,0
21,76,50,0.0,0
21,75,50,0.0,0
21,74,50,0.0,0
21,73,50,0.0,0
21,72,50,0.0,0
21,71,50,0.0,0
21,70,50,0.0,0
21,69,50,0.0,0
21,68,50,0.0,0
21,67,50,0.0,0
21,66,50,0.0,0
21,65,50,0.0,0
21,64,50,0.0,0
21,63,50,0.0,0
21,62,50,0.0,0
21,61,50,0.0,0
21,60,50,0.0,0
21,59,50,0.0,0
21,58,50,0.0,0
21,57,50,0.0,0
21,56,50,0.0,0
21,55,50,0.0,0
21,54,50,0.0,0
21,53,50,0.0,0
21,52,50,0.0,0
21,51,50,0.0,0
21,50,50,0.0,0
21,49,50,0.0,0
21,48,50,0.0,0
21,47,50,0.0,0
21,46,50,0.0,0
21,45,50,0.0,0
21,44,50,0.0,0
21,43,50,0.0,0
21,42,50,0.0,0
21,41,50,0.0,0
21,40,50,0.0,0
21,39,50,0.0,0
21,38,50,0.0,0
21,37,50,0.0,0
21,36,50,0.0,0
21,35,50,0.0,0
21,34,50,0.0,0
21,33,50,0.0,0
21,32,50,0.0,0
21,31,50,0.0,0
21,30,50,0.0,0
21,29,50,0.0,0
21,28,50,0.0,0
21,27,50,0.0,0
21,26,50,0.0,0
21,25,50,0.0,0
21,24,50,0.0,0
21,23,50,0.0,0
21,22,50,0.0,0
21,21,50,0.0,0
21,20,50,6.0,100
20,80,50,0.0,0
20,79,50,0.0,0
20,78,50,0.0,0
20,77,50,0.0,0
20,76,50,0.0,0
20,75,50,0.0,0
20,74,50,0.0,0
20,73,50,0.0,0
20,72,50,0.0,0
20,71,50,0.0,0
20,70,50,0.0,0
20,69,50,0.0,0
20,68,50,0.0,0
20,67,50,0.0,0
20,66,50,0.0,0
20,65,50,0.0,0
20,64,50,0.0,0
20,63,50,0.0,0
20,62,50,0.0,0
20,61,50,0.0,0
20,60,50,0.0,0
20,59,50,0.0,0
20,58,50,0.0,0
20,57,50,0.0,0
20,56,50,0.0,0
20,55,50,0.0,0
20,54,50,0.0,0
20,53,50,0.0,0
20,52,50,0.0,0
20,51,50,0.0,0
20,50,50,0.0,0
20,49,50,0.0,0
20,48,50,0.0,0
20,47,50,0.0,0
20,46,50,0.0,0
20,45,50,0.0,0
20,44,50,0.0,0
20,43,50,0.0,0
20,42,50,0.0,0
20,41,50,0.0,0
20,40,50,0.0,0
20,39,50,0.0,0
20,38,50,0.0,0
20,37,50,0.0,0
20,36,50,0.0,0
20,35,50,0.0,0
20,34,50,0.0,0
20,33,50,0.0,0
20,32,50,0.0,0
20,31,50,0.0,0
20,30,50,0.0,0
20,29,50,0.0,0
20,28,50,0.0,0
20,27,50,0.0,0
20,26,50,0.0,0
20,25,50,0.0,0
20,24,50,0.0,0
20,23,50,0.0,0
20,22,50,0.0,0
20,21,50,0.0,0
20,20,50,0.0,0
